"","subject","LLM","p0","p1","p2","p3","p4","p5","n_round1","n_round2","n_round3","n_round4","n_round5","n_round6","n_round7","n_round8","n_round9","n_round10","n_round11","n_round12","n_round13","n_round14","n_round15","n_round16","treatment","temperature","ci_lower_p0","ci_upper_p0","ci_lower_p1","ci_upper_p1","ci_lower_p2","ci_upper_p2","ci_lower_p3","ci_upper_p3","ci_lower_p4","ci_upper_p4","ci_lower_p5","ci_upper_p5","ci_lower_n_round1","ci_upper_n_round1","ci_lower_n_round2","ci_upper_n_round2","ci_lower_n_round3","ci_upper_n_round3","ci_lower_n_round4","ci_upper_n_round4","ci_lower_n_round5","ci_upper_n_round5","ci_lower_n_round6","ci_upper_n_round6","ci_lower_n_round7","ci_upper_n_round7","ci_lower_n_round8","ci_upper_n_round8","ci_lower_n_round9","ci_upper_n_round9","ci_lower_n_round10","ci_upper_n_round10","ci_lower_n_round11","ci_upper_n_round11","ci_lower_n_round12","ci_upper_n_round12","ci_lower_n_round13","ci_upper_n_round13","ci_lower_n_round14","ci_upper_n_round14","ci_lower_n_round15","ci_upper_n_round15","ci_lower_n_round16","ci_upper_n_round16"
"1","1","gemini2","0.588455185973724","0.129947694993951","0.106136287875603","0.0504603428781021","1.08650143906905e-07","0.125000379628475","901","501","901","501","901","901","901","901","501","901","501","501","901","501","901","501","_0.5","0.5","0.353279554246847","0.740166946730407","0.0249984007155531","0.348845447826953","2.74996990844291e-09","0.175185393741161","4.92432311278022e-09","0.09859405896162","2.06991598666391e-08","0.0434069361087301","0.062500775877483","0.312500008608706","901","901","501","501","901","901","501","501","901","901","901","901","901","901","901","901","501","501","901","901","501","501","501","501","901","901","501","501","901","901","501","501"
"2","2","gemini2","0.40723474445405","0.343759437600796","0.140248705607038","0.0462576422175891","6.45332801684975e-08","0.0624994055872466","901","501","901","501","901","901","901","901","501","901","501","501","901","501","901","501","_0.5","0.5","0.353279554246847","0.740166946730407","0.0249984007155531","0.348845447826953","2.74996990844291e-09","0.175185393741161","4.92432311278022e-09","0.09859405896162","2.06991598666391e-08","0.0434069361087301","0.062500775877483","0.312500008608706","901","901","501","501","901","901","501","501","901","901","901","901","901","901","901","901","501","501","901","901","501","501","501","501","901","901","501","501","901","901","501","501"
"3","3","gemini2","0.481198538438237","3.04487995842134e-08","0.102792120152959","2.96672676240866e-08","0.0410093027219083","0.374999978570828","901","501","901","501","901","901","901","901","501","901","501","501","901","501","901","501","_0.5","0.5","0.353279554246847","0.740166946730407","0.0249984007155531","0.348845447826953","2.74996990844291e-09","0.175185393741161","4.92432311278022e-09","0.09859405896162","2.06991598666391e-08","0.0434069361087301","0.062500775877483","0.312500008608706","901","901","501","501","901","901","501","501","901","901","901","901","901","901","901","901","501","501","901","901","501","501","501","501","901","901","501","501","901","901","501","501"
"4","4","gemini2","0.394444821141413","0.292915973900771","5.75940369997101e-09","2.05545476458037e-08","3.78255625918264e-08","0.312639140818302","901","501","901","501","901","901","901","901","501","901","501","501","901","501","901","501","_0.5","0.5","0.353279554246847","0.740166946730407","0.0249984007155531","0.348845447826953","2.74996990844291e-09","0.175185393741161","4.92432311278022e-09","0.09859405896162","2.06991598666391e-08","0.0434069361087301","0.062500775877483","0.312500008608706","901","901","501","501","901","901","501","501","901","901","901","901","901","901","901","901","501","501","901","901","501","501","501","501","901","901","501","501","901","901","501","501"
"5","5","gemini2","0.625120913515175","0.312242331097988","1.98285402819529e-08","8.14613285139498e-09","2.41762421284479e-08","0.0626367032359224","901","501","901","501","901","901","901","901","501","901","501","501","901","501","901","501","_0.5","0.5","0.353279554246847","0.740166946730407","0.0249984007155531","0.348845447826953","2.74996990844291e-09","0.175185393741161","4.92432311278022e-09","0.09859405896162","2.06991598666391e-08","0.0434069361087301","0.062500775877483","0.312500008608706","901","901","501","501","901","901","501","501","901","901","901","901","901","901","901","901","501","501","901","901","501","501","501","501","901","901","501","501","901","901","501","501"
"6","6","gemini2","0.494390164421842","0.273987501939991","0.0441172958103239","2.63033818579215e-08","5.16389553564354e-08","0.187504959885506","901","501","901","501","901","901","901","901","501","901","501","501","901","501","901","501","_0.5","0.5","0.353279554246847","0.740166946730407","0.0249984007155531","0.348845447826953","2.74996990844291e-09","0.175185393741161","4.92432311278022e-09","0.09859405896162","2.06991598666391e-08","0.0434069361087301","0.062500775877483","0.312500008608706","901","901","501","501","901","901","501","501","901","901","901","901","901","901","901","901","501","501","901","901","501","501","501","501","901","901","501","501","901","901","501","501"
"7","7","gemini2","0.521880999021453","0.150859533316188","0.103133706426297","0.0366248594016513","8.12896757671916e-08","0.187500820544734","901","501","901","501","901","901","901","901","501","901","501","501","901","501","901","501","_0.5","0.5","0.353279554246847","0.740166946730407","0.0249984007155531","0.348845447826953","2.74996990844291e-09","0.175185393741161","4.92432311278022e-09","0.09859405896162","2.06991598666391e-08","0.0434069361087301","0.062500775877483","0.312500008608706","901","901","501","501","901","901","501","501","901","901","901","901","901","901","901","901","501","501","901","901","501","501","501","501","901","901","501","501","901","901","501","501"
"8","8","gemini2","0.716163553262034","0.0820704770717841","0.0767599857136863","2.52321707893338e-08","4.04354256195881e-08","0.125005918284899","901","501","901","501","901","901","901","901","501","901","501","501","901","501","901","501","_0.5","0.5","0.353279554246847","0.740166946730407","0.0249984007155531","0.348845447826953","2.74996990844291e-09","0.175185393741161","4.92432311278022e-09","0.09859405896162","2.06991598666391e-08","0.0434069361087301","0.062500775877483","0.312500008608706","901","901","501","501","901","901","501","501","901","901","901","901","901","901","901","901","501","501","901","901","501","501","501","501","901","901","501","501","901","901","501","501"
"9","9","gemini2","0.357962006109542","0.161656674671011","0.230373573206974","4.1292114333144e-08","1.55737106658006e-07","0.250007548983252","901","501","901","501","901","901","901","901","501","901","501","501","901","501","901","501","_0.5","0.5","0.353279554246847","0.740166946730407","0.0249984007155531","0.348845447826953","2.74996990844291e-09","0.175185393741161","4.92432311278022e-09","0.09859405896162","2.06991598666391e-08","0.0434069361087301","0.062500775877483","0.312500008608706","901","901","501","501","901","901","501","501","901","901","901","901","901","901","901","901","501","501","901","901","501","501","501","501","901","901","501","501","901","901","501","501"
"10","10","gemini2","0.601480292058075","0.273519064249464","8.38462161321922e-10","5.89126359858837e-09","5.91155738753061e-08","0.125000577847161","901","501","901","501","901","901","901","901","501","901","501","501","901","501","901","501","_0.5","0.5","0.353279554246847","0.740166946730407","0.0249984007155531","0.348845447826953","2.74996990844291e-09","0.175185393741161","4.92432311278022e-09","0.09859405896162","2.06991598666391e-08","0.0434069361087301","0.062500775877483","0.312500008608706","901","901","501","501","901","901","501","501","901","901","901","901","901","901","901","901","501","501","901","901","501","501","501","501","901","901","501","501","901","901","501","501"
"11","11","gemini2","0.281929738431991","0.367874314202234","0.0508695574912805","0.0493222668534882","7.45380106766044e-08","0.250004048482995","901","501","901","501","901","901","901","901","501","901","501","501","901","501","901","501","_0.5","0.5","0.353279554246847","0.740166946730407","0.0249984007155531","0.348845447826953","2.74996990844291e-09","0.175185393741161","4.92432311278022e-09","0.09859405896162","2.06991598666391e-08","0.0434069361087301","0.062500775877483","0.312500008608706","901","901","501","501","901","901","501","501","901","901","901","901","901","901","901","901","501","501","901","901","501","501","501","501","901","901","501","501","901","901","501","501"
"12","12","gemini2","0.920057071620787","0.0174400730596555","4.65611666202502e-07","2.35878405844537e-07","1.47798761072178e-06","0.062500675841875","901","501","901","501","901","901","901","901","501","901","501","501","901","501","901","501","_0.5","0.5","0.353279554246847","0.740166946730407","0.0249984007155531","0.348845447826953","2.74996990844291e-09","0.175185393741161","4.92432311278022e-09","0.09859405896162","2.06991598666391e-08","0.0434069361087301","0.062500775877483","0.312500008608706","901","901","501","501","901","901","501","501","901","901","901","901","901","901","901","901","501","501","901","901","501","501","501","501","901","901","501","501","901","901","501","501"
"13","13","gemini2","0.500634601123139","0.211777112892835","0.0999735700807733","1.13299267839731e-08","5.57696286854336e-08","0.187614648803697","901","501","901","501","901","901","901","901","501","901","501","501","901","501","901","501","_0.5","0.5","0.353279554246847","0.740166946730407","0.0249984007155531","0.348845447826953","2.74996990844291e-09","0.175185393741161","4.92432311278022e-09","0.09859405896162","2.06991598666391e-08","0.0434069361087301","0.062500775877483","0.312500008608706","901","901","501","501","901","901","501","501","901","901","901","901","901","901","901","901","501","501","901","901","501","501","501","501","901","901","501","501","901","901","501","501"
"14","14","gemini2","0.433467536680233","0.122307768211763","0.161399283518211","0.0313940494208994","8.96065031428447e-08","0.25143127256239","901","501","901","501","901","901","901","901","501","901","501","501","901","501","901","501","_0.5","0.5","0.353279554246847","0.740166946730407","0.0249984007155531","0.348845447826953","2.74996990844291e-09","0.175185393741161","4.92432311278022e-09","0.09859405896162","2.06991598666391e-08","0.0434069361087301","0.062500775877483","0.312500008608706","901","901","501","501","901","901","501","501","901","901","901","901","901","901","901","901","501","501","901","901","501","501","501","501","901","901","501","501","901","901","501","501"
"15","15","gemini2","0.528805432239795","0.0923597930963457","0.148476023042615","0.0428494958249281","6.9511460747846e-08","0.187509186284855","901","501","901","501","901","901","901","901","501","901","501","501","901","501","901","501","_0.5","0.5","0.353279554246847","0.740166946730407","0.0249984007155531","0.348845447826953","2.74996990844291e-09","0.175185393741161","4.92432311278022e-09","0.09859405896162","2.06991598666391e-08","0.0434069361087301","0.062500775877483","0.312500008608706","901","901","501","501","901","901","501","501","901","901","901","901","901","901","901","901","501","501","901","901","501","501","501","501","901","901","501","501","901","901","501","501"
"16","16","gemini2","0.373487055233427","0.285786216290775","0.101661113797931","0.114064415912264","7.34525768248887e-08","0.125001125313026","901","501","901","501","901","901","901","901","501","901","501","501","901","501","901","501","_0.5","0.5","0.353279554246847","0.740166946730407","0.0249984007155531","0.348845447826953","2.74996990844291e-09","0.175185393741161","4.92432311278022e-09","0.09859405896162","2.06991598666391e-08","0.0434069361087301","0.062500775877483","0.312500008608706","901","901","501","501","901","901","501","501","901","901","901","901","901","901","901","901","501","501","901","901","501","501","501","501","901","901","501","501","901","901","501","501"
"17","17","gemini2","0.412001451149008","0.462975907706586","3.14075137959564e-07","1.93694806574571e-05","4.95968503607691e-07","0.125002461620107","901","501","901","501","901","901","901","901","501","901","501","501","901","501","901","501","_0.5","0.5","0.353279554246847","0.740166946730407","0.0249984007155531","0.348845447826953","2.74996990844291e-09","0.175185393741161","4.92432311278022e-09","0.09859405896162","2.06991598666391e-08","0.0434069361087301","0.062500775877483","0.312500008608706","901","901","501","501","901","901","501","501","901","901","901","901","901","901","901","901","501","501","901","901","501","501","501","501","901","901","501","501","901","901","501","501"
"18","18","gemini2","0.553988707266401","0.163462252193591","0.0658428379101062","5.38987261261036e-08","0.0287499466607648","0.187956202070411","901","501","901","501","901","901","901","901","501","901","501","501","901","501","901","501","_0.5","0.5","0.353279554246847","0.740166946730407","0.0249984007155531","0.348845447826953","2.74996990844291e-09","0.175185393741161","4.92432311278022e-09","0.09859405896162","2.06991598666391e-08","0.0434069361087301","0.062500775877483","0.312500008608706","901","901","501","501","901","901","501","501","901","901","901","901","901","901","901","901","501","501","901","901","501","501","501","501","901","901","501","501","901","901","501","501"
"19","19","gemini2","0.542457784452356","0.247473513658944","0.0225607213484457","4.97112665358994e-09","5.50708039386927e-08","0.187507920498324","901","501","901","501","901","901","901","901","501","901","501","501","901","501","901","501","_0.5","0.5","0.353279554246847","0.740166946730407","0.0249984007155531","0.348845447826953","2.74996990844291e-09","0.175185393741161","4.92432311278022e-09","0.09859405896162","2.06991598666391e-08","0.0434069361087301","0.062500775877483","0.312500008608706","901","901","501","501","901","901","501","501","901","901","901","901","901","901","901","901","501","501","901","901","501","501","501","501","901","901","501","501","901","901","501","501"
"20","20","gemini2","0.712979595161967","0.149682503310898","0.0365388115080109","0.0382890504757969","1.59289490451761e-07","0.0625098802538371","901","501","901","501","901","901","901","901","501","901","501","501","901","501","901","501","_0.5","0.5","0.353279554246847","0.740166946730407","0.0249984007155531","0.348845447826953","2.74996990844291e-09","0.175185393741161","4.92432311278022e-09","0.09859405896162","2.06991598666391e-08","0.0434069361087301","0.062500775877483","0.312500008608706","901","901","501","501","901","901","501","501","901","901","901","901","901","901","901","901","501","501","901","901","501","501","501","501","901","901","501","501","901","901","501","501"
"21","21","gemini2","0.574199725404623","0.0900928240635749","0.136873455057445","1.54707378599836e-06","0.0113288159583389","0.187503632442232","901","501","901","501","901","901","901","901","501","901","501","501","901","501","901","501","_0.5","0.5","0.353279554246847","0.740166946730407","0.0249984007155531","0.348845447826953","2.74996990844291e-09","0.175185393741161","4.92432311278022e-09","0.09859405896162","2.06991598666391e-08","0.0434069361087301","0.062500775877483","0.312500008608706","901","901","501","501","901","901","501","501","901","901","901","901","901","901","901","901","501","501","901","901","501","501","501","501","901","901","501","501","901","901","501","501"
"22","22","gemini2","0.509956083294869","0.190783335455673","0.0342147839876986","0.0379007736562953","0.0396451280904181","0.187499895515046","901","501","901","501","901","901","901","901","501","901","501","501","901","501","901","501","_0.5","0.5","0.353279554246847","0.740166946730407","0.0249984007155531","0.348845447826953","2.74996990844291e-09","0.175185393741161","4.92432311278022e-09","0.09859405896162","2.06991598666391e-08","0.0434069361087301","0.062500775877483","0.312500008608706","901","901","501","501","901","901","501","501","901","901","901","901","901","901","901","901","501","501","901","901","501","501","501","501","901","901","501","501","901","901","501","501"
"23","23","gemini2","0.418896991501462","0.350838722743838","0.0427630066875719","1.757446956035e-08","3.7823005685596e-08","0.187501223669652","901","501","901","501","901","901","901","901","501","901","501","501","901","501","901","501","_0.5","0.5","0.353279554246847","0.740166946730407","0.0249984007155531","0.348845447826953","2.74996990844291e-09","0.175185393741161","4.92432311278022e-09","0.09859405896162","2.06991598666391e-08","0.0434069361087301","0.062500775877483","0.312500008608706","901","901","501","501","901","901","501","501","901","901","901","901","901","901","901","901","501","501","901","901","501","501","501","501","901","901","501","501","901","901","501","501"
"24","24","gemini2","0.610311728095278","1.04493091357526e-07","0.202186810034393","5.33960527705608e-08","1.3135431890056e-08","0.187501290845754","901","501","901","501","901","901","901","901","501","901","501","501","901","501","901","501","_0.5","0.5","0.353279554246847","0.740166946730407","0.0249984007155531","0.348845447826953","2.74996990844291e-09","0.175185393741161","4.92432311278022e-09","0.09859405896162","2.06991598666391e-08","0.0434069361087301","0.062500775877483","0.312500008608706","901","901","501","501","901","901","501","501","901","901","901","901","901","901","901","901","501","501","901","901","501","501","501","501","901","901","501","501","901","901","501","501"
"25","25","gemini2","0.707078491359771","0.117767326318326","0.0150500810191271","0.0348648472276337","8.15341245812519e-08","0.125239172541018","901","501","901","501","901","901","901","901","501","901","501","501","901","501","901","501","_0.5","0.5","0.353279554246847","0.740166946730407","0.0249984007155531","0.348845447826953","2.74996990844291e-09","0.175185393741161","4.92432311278022e-09","0.09859405896162","2.06991598666391e-08","0.0434069361087301","0.062500775877483","0.312500008608706","901","901","501","501","901","901","501","501","901","901","901","901","901","901","901","901","501","501","901","901","501","501","501","501","901","901","501","501","901","901","501","501"
"26","26","gemini2","0.447016080818098","0.147253441782459","0.119729362010081","0.035999850062858","5.74634235755215e-08","0.250001207863081","901","501","901","501","901","901","901","901","501","901","501","501","901","501","901","501","_0.5","0.5","0.353279554246847","0.740166946730407","0.0249984007155531","0.348845447826953","2.74996990844291e-09","0.175185393741161","4.92432311278022e-09","0.09859405896162","2.06991598666391e-08","0.0434069361087301","0.062500775877483","0.312500008608706","901","901","501","501","901","901","501","501","901","901","901","901","901","901","901","901","501","501","901","901","501","501","501","501","901","901","501","501","901","901","501","501"
"27","27","gemini2","0.384981472944535","0.350492706412619","0.0839210949905679","2.79393103088022e-08","2.9612994145959e-08","0.180604668099973","901","501","901","501","901","901","901","901","501","901","501","501","901","501","901","501","_0.5","0.5","0.353279554246847","0.740166946730407","0.0249984007155531","0.348845447826953","2.74996990844291e-09","0.175185393741161","4.92432311278022e-09","0.09859405896162","2.06991598666391e-08","0.0434069361087301","0.062500775877483","0.312500008608706","901","901","501","501","901","901","501","501","901","901","901","901","901","901","901","901","501","501","901","901","501","501","501","501","901","901","501","501","901","901","501","501"
"28","28","gemini2","0.573265188550343","0.148946522116796","1.42998556845067e-07","3.64973668729489e-08","0.0277536209764164","0.250034488860521","901","501","901","501","901","901","901","901","501","901","501","501","901","501","901","501","_0.5","0.5","0.353279554246847","0.740166946730407","0.0249984007155531","0.348845447826953","2.74996990844291e-09","0.175185393741161","4.92432311278022e-09","0.09859405896162","2.06991598666391e-08","0.0434069361087301","0.062500775877483","0.312500008608706","901","901","501","501","901","901","501","501","901","901","901","901","901","901","901","901","501","501","901","901","501","501","501","501","901","901","501","501","901","901","501","501"
"29","29","gemini2","0.558481263648874","0.21275520091689","0.103762758535296","2.57231079554443e-08","4.43868771058589e-08","0.125000706788954","901","501","901","501","901","901","901","901","501","901","501","501","901","501","901","501","_0.5","0.5","0.353279554246847","0.740166946730407","0.0249984007155531","0.348845447826953","2.74996990844291e-09","0.175185393741161","4.92432311278022e-09","0.09859405896162","2.06991598666391e-08","0.0434069361087301","0.062500775877483","0.312500008608706","901","901","501","501","901","901","501","501","901","901","901","901","901","901","901","901","501","501","901","901","501","501","501","501","901","901","501","501","901","901","501","501"
"30","30","gemini2","0.585418077030247","0.106598863258569","0.0579637261336187","2.81753665406092e-08","3.45667024225775e-08","0.250019270835497","901","501","901","501","901","901","901","901","501","901","501","501","901","501","901","501","_0.5","0.5","0.353279554246847","0.740166946730407","0.0249984007155531","0.348845447826953","2.74996990844291e-09","0.175185393741161","4.92432311278022e-09","0.09859405896162","2.06991598666391e-08","0.0434069361087301","0.062500775877483","0.312500008608706","901","901","501","501","901","901","501","501","901","901","901","901","901","901","901","901","501","501","901","901","501","501","501","501","901","901","501","501","901","901","501","501"
"31","31","gemini2","0.436314892745308","0.407629937859523","0.0288105397399894","3.75546917871086e-09","1.84462432960301e-07","0.127244441437277","901","501","901","501","901","901","901","901","501","901","501","501","901","501","901","501","_0.5","0.5","0.353279554246847","0.740166946730407","0.0249984007155531","0.348845447826953","2.74996990844291e-09","0.175185393741161","4.92432311278022e-09","0.09859405896162","2.06991598666391e-08","0.0434069361087301","0.062500775877483","0.312500008608706","901","901","501","501","901","901","501","501","901","901","901","901","901","901","901","901","501","501","901","901","501","501","501","501","901","901","501","501","901","901","501","501"
"32","32","gemini2","0.383629810044587","0.225240675164384","0.139489967880634","3.52481202139164e-08","3.48675334106629e-08","0.251639476794741","901","501","901","501","901","901","901","901","501","901","501","501","901","501","901","501","_0.5","0.5","0.353279554246847","0.740166946730407","0.0249984007155531","0.348845447826953","2.74996990844291e-09","0.175185393741161","4.92432311278022e-09","0.09859405896162","2.06991598666391e-08","0.0434069361087301","0.062500775877483","0.312500008608706","901","901","501","501","901","901","501","501","901","901","901","901","901","901","901","901","501","501","901","901","501","501","501","501","901","901","501","501","901","901","501","501"
"33","33","gemini2","0.420666325525126","0.168323353946621","1.20028625662231e-08","4.93470242300361e-08","0.036009655377087","0.375000603801279","901","501","901","501","901","901","901","901","501","901","501","501","901","501","901","501","_0.5","0.5","0.353279554246847","0.740166946730407","0.0249984007155531","0.348845447826953","2.74996990844291e-09","0.175185393741161","4.92432311278022e-09","0.09859405896162","2.06991598666391e-08","0.0434069361087301","0.062500775877483","0.312500008608706","901","901","501","501","901","901","501","501","901","901","901","901","901","901","901","901","501","501","901","901","501","501","501","501","901","901","501","501","901","901","501","501"
"34","34","gemini2","0.510261304293305","0.0890895153597451","0.213148799350014","2.00145681866587e-08","4.05600843015441e-07","0.187499955381525","901","501","901","501","901","901","901","901","501","901","501","501","901","501","901","501","_0.5","0.5","0.353279554246847","0.740166946730407","0.0249984007155531","0.348845447826953","2.74996990844291e-09","0.175185393741161","4.92432311278022e-09","0.09859405896162","2.06991598666391e-08","0.0434069361087301","0.062500775877483","0.312500008608706","901","901","501","501","901","901","501","501","901","901","901","901","901","901","901","901","501","501","901","901","501","501","501","501","901","901","501","501","901","901","501","501"
"35","35","gemini2","0.493011177471499","0.218667221320815","4.80280922518407e-08","0.100816685130757","9.665169252573e-09","0.187504858383667","901","501","901","501","901","901","901","901","501","901","501","501","901","501","901","501","_0.5","0.5","0.353279554246847","0.740166946730407","0.0249984007155531","0.348845447826953","2.74996990844291e-09","0.175185393741161","4.92432311278022e-09","0.09859405896162","2.06991598666391e-08","0.0434069361087301","0.062500775877483","0.312500008608706","901","901","501","501","901","901","501","501","901","901","901","901","901","901","901","901","501","501","901","901","501","501","501","501","901","901","501","501","901","901","501","501"
"36","36","gemini2","0.549696657568103","0.160521642174289","2.69700266627386e-08","0.0397891507970316","4.69113971024998e-08","0.249992475579152","901","501","901","501","901","901","901","901","501","901","501","501","901","501","901","501","_0.5","0.5","0.353279554246847","0.740166946730407","0.0249984007155531","0.348845447826953","2.74996990844291e-09","0.175185393741161","4.92432311278022e-09","0.09859405896162","2.06991598666391e-08","0.0434069361087301","0.062500775877483","0.312500008608706","901","901","501","501","901","901","501","501","901","901","901","901","901","901","901","901","501","501","901","901","501","501","501","501","901","901","501","501","901","901","501","501"
"37","37","gemini2","0.569940057079768","0.269796775086103","1.65758010614958e-08","0.0352592916332451","4.86261753073796e-08","0.125003810998907","901","501","901","501","901","901","901","901","501","901","501","501","901","501","901","501","_0.5","0.5","0.353279554246847","0.740166946730407","0.0249984007155531","0.348845447826953","2.74996990844291e-09","0.175185393741161","4.92432311278022e-09","0.09859405896162","2.06991598666391e-08","0.0434069361087301","0.062500775877483","0.312500008608706","901","901","501","501","901","901","501","501","901","901","901","901","901","901","901","901","501","501","901","901","501","501","501","501","901","901","501","501","901","901","501","501"
"38","38","gemini2","0.77980184207756","0.0671646880677497","1.51887397603459e-07","3.76384034491568e-08","0.0278145668458175","0.125218713483072","901","501","901","501","901","901","901","901","501","901","501","501","901","501","901","501","_0.5","0.5","0.353279554246847","0.740166946730407","0.0249984007155531","0.348845447826953","2.74996990844291e-09","0.175185393741161","4.92432311278022e-09","0.09859405896162","2.06991598666391e-08","0.0434069361087301","0.062500775877483","0.312500008608706","901","901","501","501","901","901","501","501","901","901","901","901","901","901","901","901","501","501","901","901","501","501","501","501","901","901","501","501","901","901","501","501"
"39","39","gemini2","0.515573708553312","0.236432812448111","0.122123919537066","3.96857692515456e-08","3.53359091580849e-08","0.125869484439831","901","501","901","501","901","901","901","901","501","901","501","501","901","501","901","501","_0.5","0.5","0.353279554246847","0.740166946730407","0.0249984007155531","0.348845447826953","2.74996990844291e-09","0.175185393741161","4.92432311278022e-09","0.09859405896162","2.06991598666391e-08","0.0434069361087301","0.062500775877483","0.312500008608706","901","901","501","501","901","901","501","501","901","901","901","901","901","901","901","901","501","501","901","901","501","501","501","501","901","901","501","501","901","901","501","501"
"40","40","gemini2","0.648411036354053","0.0379451214410963","0.06364858943433","3.48966965153508e-08","5.16579870905322e-08","0.249995166215837","901","501","901","501","901","901","901","901","501","901","501","501","901","501","901","501","_0.5","0.5","0.353279554246847","0.740166946730407","0.0249984007155531","0.348845447826953","2.74996990844291e-09","0.175185393741161","4.92432311278022e-09","0.09859405896162","2.06991598666391e-08","0.0434069361087301","0.062500775877483","0.312500008608706","901","901","501","501","901","901","501","501","901","901","901","901","901","901","901","901","501","501","901","901","501","501","501","501","901","901","501","501","901","901","501","501"
"41","41","gemini2","0.540391944855993","0.145157194077179","0.163271625521463","0.0254881066306514","8.18680138467183e-08","0.1256910470467","901","501","901","501","901","901","901","901","501","901","501","501","901","501","901","501","_0.5","0.5","0.353279554246847","0.740166946730407","0.0249984007155531","0.348845447826953","2.74996990844291e-09","0.175185393741161","4.92432311278022e-09","0.09859405896162","2.06991598666391e-08","0.0434069361087301","0.062500775877483","0.312500008608706","901","901","501","501","901","901","501","501","901","901","901","901","901","901","901","901","501","501","901","901","501","501","501","501","901","901","501","501","901","901","501","501"
"42","42","gemini2","0.497913728262207","0.039057634109479","0.0960643919501882","5.49359033598523e-08","0.0682304301448294","0.298733760597393","901","501","901","501","901","901","901","901","501","901","501","501","901","501","901","501","_0.5","0.5","0.353279554246847","0.740166946730407","0.0249984007155531","0.348845447826953","2.74996990844291e-09","0.175185393741161","4.92432311278022e-09","0.09859405896162","2.06991598666391e-08","0.0434069361087301","0.062500775877483","0.312500008608706","901","901","501","501","901","901","501","501","901","901","901","901","901","901","901","901","501","501","901","901","501","501","501","501","901","901","501","501","901","901","501","501"
"43","43","gemini2","0.498717202933888","0.217192658082401","5.63633240228237e-09","0.0340935582260342","4.93913038733137e-08","0.249996525730041","901","501","901","501","901","901","901","901","501","901","501","501","901","501","901","501","_0.5","0.5","0.353279554246847","0.740166946730407","0.0249984007155531","0.348845447826953","2.74996990844291e-09","0.175185393741161","4.92432311278022e-09","0.09859405896162","2.06991598666391e-08","0.0434069361087301","0.062500775877483","0.312500008608706","901","901","501","501","901","901","501","501","901","901","901","901","901","901","901","901","501","501","901","901","501","501","501","501","901","901","501","501","901","901","501","501"
"44","44","gemini2","0.421060973473796","0.228592237118467","0.100345827645207","1.28800761175223e-08","3.95656093489698e-08","0.250000909316845","901","501","901","501","901","901","901","901","501","901","501","501","901","501","901","501","_0.5","0.5","0.353279554246847","0.740166946730407","0.0249984007155531","0.348845447826953","2.74996990844291e-09","0.175185393741161","4.92432311278022e-09","0.09859405896162","2.06991598666391e-08","0.0434069361087301","0.062500775877483","0.312500008608706","901","901","501","501","901","901","501","501","901","901","901","901","901","901","901","901","501","501","901","901","501","501","501","501","901","901","501","501","901","901","501","501"
"45","45","gemini2","0.714790732481176","0.0333860890944086","7.35949724966186e-08","2.55102450633788e-08","0.0621259035407416","0.189697175778456","901","501","901","501","901","901","901","901","501","901","501","501","901","501","901","501","_0.5","0.5","0.353279554246847","0.740166946730407","0.0249984007155531","0.348845447826953","2.74996990844291e-09","0.175185393741161","4.92432311278022e-09","0.09859405896162","2.06991598666391e-08","0.0434069361087301","0.062500775877483","0.312500008608706","901","901","501","501","901","901","501","501","901","901","901","901","901","901","901","901","501","501","901","901","501","501","501","501","901","901","501","501","901","901","501","501"
"46","46","gemini2","0.563638316147276","0.0490861373593253","0.0927710341232076","0.107002321397708","8.02721931545232e-08","0.18750211070029","901","501","901","501","901","901","901","901","501","901","501","501","901","501","901","501","_0.5","0.5","0.353279554246847","0.740166946730407","0.0249984007155531","0.348845447826953","2.74996990844291e-09","0.175185393741161","4.92432311278022e-09","0.09859405896162","2.06991598666391e-08","0.0434069361087301","0.062500775877483","0.312500008608706","901","901","501","501","901","901","501","501","901","901","901","901","901","901","901","901","501","501","901","901","501","501","501","501","901","901","501","501","901","901","501","501"
"47","47","gemini2","0.779576754716954","0.157806654382554","1.19149336654937e-09","1.85259867699278e-08","3.54124283532371e-08","0.062616535770584","901","501","901","501","901","901","901","901","501","901","501","501","901","501","901","501","_0.5","0.5","0.353279554246847","0.740166946730407","0.0249984007155531","0.348845447826953","2.74996990844291e-09","0.175185393741161","4.92432311278022e-09","0.09859405896162","2.06991598666391e-08","0.0434069361087301","0.062500775877483","0.312500008608706","901","901","501","501","901","901","501","501","901","901","901","901","901","901","901","901","501","501","901","901","501","501","501","501","901","901","501","501","901","901","501","501"
"48","48","gemini2","0.434719347000912","0.228167550640402","0.113618813958074","0.0345697729881578","7.55698232767434e-08","0.188924439842631","901","501","901","501","901","901","901","901","501","901","501","501","901","501","901","501","_0.5","0.5","0.353279554246847","0.740166946730407","0.0249984007155531","0.348845447826953","2.74996990844291e-09","0.175185393741161","4.92432311278022e-09","0.09859405896162","2.06991598666391e-08","0.0434069361087301","0.062500775877483","0.312500008608706","901","901","501","501","901","901","501","501","901","901","901","901","901","901","901","901","501","501","901","901","501","501","501","501","901","901","501","501","901","901","501","501"
"49","49","gemini2","0.660680902335287","0.140912736210392","0.0465664120476079","0.0268353683181339","7.44399359347655e-08","0.125004506648643","901","501","901","501","901","901","901","901","501","901","501","501","901","501","901","501","_0.5","0.5","0.353279554246847","0.740166946730407","0.0249984007155531","0.348845447826953","2.74996990844291e-09","0.175185393741161","4.92432311278022e-09","0.09859405896162","2.06991598666391e-08","0.0434069361087301","0.062500775877483","0.312500008608706","901","901","501","501","901","901","501","501","901","901","901","901","901","901","901","901","501","501","901","901","501","501","501","501","901","901","501","501","901","901","501","501"
"50","50","gemini2","0.548479322345749","0.327364482715045","0.0615013880633441","1.85993606136529e-08","4.83194039484497e-08","0.062654739957098","901","501","901","501","901","901","901","901","501","901","501","501","901","501","901","501","_0.5","0.5","0.353279554246847","0.740166946730407","0.0249984007155531","0.348845447826953","2.74996990844291e-09","0.175185393741161","4.92432311278022e-09","0.09859405896162","2.06991598666391e-08","0.0434069361087301","0.062500775877483","0.312500008608706","901","901","501","501","901","901","501","501","901","901","901","901","901","901","901","901","501","501","901","901","501","501","501","501","901","901","501","501","901","901","501","501"
"51","51","gemini2","0.56609913275919","0.185205669207865","2.02047879633009e-08","0.186195110018115","8.5140480305419e-08","0.0624999826695621","901","501","901","501","901","901","901","901","501","901","501","501","901","501","901","501","_0.5","0.5","0.353279554246847","0.740166946730407","0.0249984007155531","0.348845447826953","2.74996990844291e-09","0.175185393741161","4.92432311278022e-09","0.09859405896162","2.06991598666391e-08","0.0434069361087301","0.062500775877483","0.312500008608706","901","901","501","501","901","901","501","501","901","901","901","901","901","901","901","901","501","501","901","901","501","501","501","501","901","901","501","501","901","901","501","501"
"52","52","gemini2","0.38290865623952","0.35002369910041","0.142020005077959","3.81986605812737e-08","3.63941113240732e-08","0.125047564989338","901","501","901","501","901","901","901","901","501","901","501","501","901","501","901","501","_0.5","0.5","0.353279554246847","0.740166946730407","0.0249984007155531","0.348845447826953","2.74996990844291e-09","0.175185393741161","4.92432311278022e-09","0.09859405896162","2.06991598666391e-08","0.0434069361087301","0.062500775877483","0.312500008608706","901","901","501","501","901","901","501","501","901","901","901","901","901","901","901","901","501","501","901","901","501","501","501","501","901","901","501","501","901","901","501","501"
"53","53","gemini2","0.699702916665312","0.140097515376251","0.0134429023602839","0.0842569969914242","5.61750906127792e-08","0.062499612431638","901","501","901","501","901","901","901","901","501","901","501","501","901","501","901","501","_0.5","0.5","0.353279554246847","0.740166946730407","0.0249984007155531","0.348845447826953","2.74996990844291e-09","0.175185393741161","4.92432311278022e-09","0.09859405896162","2.06991598666391e-08","0.0434069361087301","0.062500775877483","0.312500008608706","901","901","501","501","901","901","501","501","901","901","901","901","901","901","901","901","501","501","901","901","501","501","501","501","901","901","501","501","901","901","501","501"
"54","54","gemini2","0.460841855174416","0.273816871549678","0.098920392797178","5.48323264382142e-08","0.0413587985356698","0.125062027110732","901","501","901","501","901","901","901","901","501","901","501","501","901","501","901","501","_0.5","0.5","0.353279554246847","0.740166946730407","0.0249984007155531","0.348845447826953","2.74996990844291e-09","0.175185393741161","4.92432311278022e-09","0.09859405896162","2.06991598666391e-08","0.0434069361087301","0.062500775877483","0.312500008608706","901","901","501","501","901","901","501","501","901","901","901","901","901","901","901","901","501","501","901","901","501","501","501","501","901","901","501","501","901","901","501","501"
"55","55","gemini2","0.614732769398412","0.0793202196759276","4.16597719035509e-08","2.98083629117907e-08","2.09592531587486e-08","0.305946918498273","901","501","901","501","901","901","901","901","501","901","501","501","901","501","901","501","_0.5","0.5","0.353279554246847","0.740166946730407","0.0249984007155531","0.348845447826953","2.74996990844291e-09","0.175185393741161","4.92432311278022e-09","0.09859405896162","2.06991598666391e-08","0.0434069361087301","0.062500775877483","0.312500008608706","901","901","501","501","901","901","501","501","901","901","901","901","901","901","901","901","501","501","901","901","501","501","501","501","901","901","501","501","901","901","501","501"
"56","56","gemini2","0.598361591678809","0.158751455698531","8.92494482850484e-08","0.0303470573096137","0.0249046376509447","0.187635168412654","901","501","901","501","901","901","901","901","501","901","501","501","901","501","901","501","_0.5","0.5","0.353279554246847","0.740166946730407","0.0249984007155531","0.348845447826953","2.74996990844291e-09","0.175185393741161","4.92432311278022e-09","0.09859405896162","2.06991598666391e-08","0.0434069361087301","0.062500775877483","0.312500008608706","901","901","501","501","901","901","501","501","901","901","901","901","901","901","901","901","501","501","901","901","501","501","501","501","901","901","501","501","901","901","501","501"
"57","57","gemini2","0.551514680738181","0.315551184134794","1.58334631752837e-06","0.00787628842278876","2.80873471034525e-06","0.125053454623209","901","501","901","501","901","901","901","901","501","901","501","501","901","501","901","501","_0.5","0.5","0.353279554246847","0.740166946730407","0.0249984007155531","0.348845447826953","2.74996990844291e-09","0.175185393741161","4.92432311278022e-09","0.09859405896162","2.06991598666391e-08","0.0434069361087301","0.062500775877483","0.312500008608706","901","901","501","501","901","901","501","501","901","901","901","901","901","901","901","901","501","501","901","901","501","501","501","501","901","901","501","501","901","901","501","501"
"58","58","gemini2","0.600926005758137","0.199020029221642","0.0750502271775875","2.63303780609912e-09","8.86910626909308e-08","0.125003646518533","901","501","901","501","901","901","901","901","501","901","501","501","901","501","901","501","_0.5","0.5","0.353279554246847","0.740166946730407","0.0249984007155531","0.348845447826953","2.74996990844291e-09","0.175185393741161","4.92432311278022e-09","0.09859405896162","2.06991598666391e-08","0.0434069361087301","0.062500775877483","0.312500008608706","901","901","501","501","901","901","501","501","901","901","901","901","901","901","901","901","501","501","901","901","501","501","501","501","901","901","501","501","901","901","501","501"
"59","59","gemini2","0.384459326350368","0.278585054094497","0.102706225897986","0.0466618750288189","5.45586607089506e-08","0.187587464069669","901","501","901","501","901","901","901","901","501","901","501","501","901","501","901","501","_0.5","0.5","0.353279554246847","0.740166946730407","0.0249984007155531","0.348845447826953","2.74996990844291e-09","0.175185393741161","4.92432311278022e-09","0.09859405896162","2.06991598666391e-08","0.0434069361087301","0.062500775877483","0.312500008608706","901","901","501","501","901","901","501","501","901","901","901","901","901","901","901","901","501","501","901","901","501","501","501","501","901","901","501","501","901","901","501","501"
"60","60","gemini2","0.416676231760217","0.220164453678211","3.2069802697061e-08","0.0506578799083051","5.52813355569367e-08","0.312501347302129","901","501","901","501","901","901","901","901","501","901","501","501","901","501","901","501","_0.5","0.5","0.353279554246847","0.740166946730407","0.0249984007155531","0.348845447826953","2.74996990844291e-09","0.175185393741161","4.92432311278022e-09","0.09859405896162","2.06991598666391e-08","0.0434069361087301","0.062500775877483","0.312500008608706","901","901","501","501","901","901","501","501","901","901","901","901","901","901","901","901","501","501","901","901","501","501","501","501","901","901","501","501","901","901","501","501"
"61","61","gemini2","0.73518611912361","0.202313110185377","2.616538163254e-11","3.27332383445829e-08","3.71264616865905e-08","0.0625007008051471","901","501","901","501","901","901","901","901","501","901","501","501","901","501","901","501","_0.5","0.5","0.353279554246847","0.740166946730407","0.0249984007155531","0.348845447826953","2.74996990844291e-09","0.175185393741161","4.92432311278022e-09","0.09859405896162","2.06991598666391e-08","0.0434069361087301","0.062500775877483","0.312500008608706","901","901","501","501","901","901","501","501","901","901","901","901","901","901","901","901","501","501","901","901","501","501","501","501","901","901","501","501","901","901","501","501"
"62","62","gemini2","0.7505126408187","0.0651953503750085","6.45922962820324e-08","0.0592866067185095","7.77245114781732e-08","0.125005259770974","901","501","901","501","901","901","901","901","501","901","501","501","901","501","901","501","_0.5","0.5","0.353279554246847","0.740166946730407","0.0249984007155531","0.348845447826953","2.74996990844291e-09","0.175185393741161","4.92432311278022e-09","0.09859405896162","2.06991598666391e-08","0.0434069361087301","0.062500775877483","0.312500008608706","901","901","501","501","901","901","501","501","901","901","901","901","901","901","901","901","501","501","901","901","501","501","501","501","901","901","501","501","901","901","501","501"
"63","63","gemini2","0.38271125740703","0.206093758616099","0.118082367230496","0.0422373192864112","2.09497630577869e-07","0.250875087962332","901","501","901","501","901","901","901","901","501","901","501","501","901","501","901","501","_0.5","0.5","0.353279554246847","0.740166946730407","0.0249984007155531","0.348845447826953","2.74996990844291e-09","0.175185393741161","4.92432311278022e-09","0.09859405896162","2.06991598666391e-08","0.0434069361087301","0.062500775877483","0.312500008608706","901","901","501","501","901","901","501","501","901","901","901","901","901","901","901","901","501","501","901","901","501","501","501","501","901","901","501","501","901","901","501","501"
"64","64","gemini2","0.614608365069944","0.220020384249759","0.0403710494460007","5.76236657023747e-09","4.9558516198037e-08","0.125000145913413","901","501","901","501","901","901","901","901","501","901","501","501","901","501","901","501","_0.5","0.5","0.353279554246847","0.740166946730407","0.0249984007155531","0.348845447826953","2.74996990844291e-09","0.175185393741161","4.92432311278022e-09","0.09859405896162","2.06991598666391e-08","0.0434069361087301","0.062500775877483","0.312500008608706","901","901","501","501","901","901","501","501","901","901","901","901","901","901","901","901","501","501","901","901","501","501","501","501","901","901","501","501","901","901","501","501"
"65","65","gemini2","0.476225462565389","0.135545666883419","0.097547903460701","0.0406775827138124","4.82756656979487e-08","0.250003336101014","901","501","901","501","901","901","901","901","501","901","501","501","901","501","901","501","_0.5","0.5","0.353279554246847","0.740166946730407","0.0249984007155531","0.348845447826953","2.74996990844291e-09","0.175185393741161","4.92432311278022e-09","0.09859405896162","2.06991598666391e-08","0.0434069361087301","0.062500775877483","0.312500008608706","901","901","501","501","901","901","501","501","901","901","901","901","901","901","901","901","501","501","901","901","501","501","501","501","901","901","501","501","901","901","501","501"
"66","66","gemini2","0.470382737398103","0.208124448350268","6.74847469442713e-07","0.115068429618239","0.0814198832518874","0.125003826534033","901","501","901","501","901","901","901","901","501","901","501","501","901","501","901","501","_0.5","0.5","0.353279554246847","0.740166946730407","0.0249984007155531","0.348845447826953","2.74996990844291e-09","0.175185393741161","4.92432311278022e-09","0.09859405896162","2.06991598666391e-08","0.0434069361087301","0.062500775877483","0.312500008608706","901","901","501","501","901","901","501","501","901","901","901","901","901","901","901","901","501","501","901","901","501","501","501","501","901","901","501","501","901","901","501","501"
"67","67","gemini2","0.637024952646264","0.263071280009047","0.0374030622045626","2.97312316704525e-09","6.0891654747405e-08","0.0625006412753492","901","501","901","501","901","901","901","901","501","901","501","501","901","501","901","501","_0.5","0.5","0.353279554246847","0.740166946730407","0.0249984007155531","0.348845447826953","2.74996990844291e-09","0.175185393741161","4.92432311278022e-09","0.09859405896162","2.06991598666391e-08","0.0434069361087301","0.062500775877483","0.312500008608706","901","901","501","501","901","901","501","501","901","901","901","901","901","901","901","901","501","501","901","901","501","501","501","501","901","901","501","501","901","901","501","501"
"68","68","gemini2","0.467927655508723","0.408671469143608","0.0608989988971912","2.12231530855911e-08","8.14326465797216e-08","0.0625017737946792","901","501","901","501","901","901","901","901","501","901","501","501","901","501","901","501","_0.5","0.5","0.353279554246847","0.740166946730407","0.0249984007155531","0.348845447826953","2.74996990844291e-09","0.175185393741161","4.92432311278022e-09","0.09859405896162","2.06991598666391e-08","0.0434069361087301","0.062500775877483","0.312500008608706","901","901","501","501","901","901","501","501","901","901","901","901","901","901","901","901","501","501","901","901","501","501","501","501","901","901","501","501","901","901","501","501"
"69","69","gemini2","0.639810957231744","0.247540464573416","0.0374346398414795","0.012712743510316","7.59372908854532e-08","0.0625011189057536","901","501","901","501","901","901","901","901","501","901","501","501","901","501","901","501","_0.5","0.5","0.353279554246847","0.740166946730407","0.0249984007155531","0.348845447826953","2.74996990844291e-09","0.175185393741161","4.92432311278022e-09","0.09859405896162","2.06991598666391e-08","0.0434069361087301","0.062500775877483","0.312500008608706","901","901","501","501","901","901","501","501","901","901","901","901","901","901","901","901","501","501","901","901","501","501","501","501","901","901","501","501","901","901","501","501"
"70","70","gemini2","0.54624326343862","0.0758465795702747","0.114539831125737","8.02306460013784e-08","0.024157205063681","0.239213040571041","901","501","901","501","901","901","901","901","501","901","501","501","901","501","901","501","_0.5","0.5","0.353279554246847","0.740166946730407","0.0249984007155531","0.348845447826953","2.74996990844291e-09","0.175185393741161","4.92432311278022e-09","0.09859405896162","2.06991598666391e-08","0.0434069361087301","0.062500775877483","0.312500008608706","901","901","501","501","901","901","501","501","901","901","901","901","901","901","901","901","501","501","901","901","501","501","501","501","901","901","501","501","901","901","501","501"
"71","71","gemini2","0.465015397691269","0.205924922083848","0.0902847917683795","0.051273035849317","7.72326810709119e-08","0.187501775374506","901","501","901","501","901","901","901","901","501","901","501","501","901","501","901","501","_0.5","0.5","0.353279554246847","0.740166946730407","0.0249984007155531","0.348845447826953","2.74996990844291e-09","0.175185393741161","4.92432311278022e-09","0.09859405896162","2.06991598666391e-08","0.0434069361087301","0.062500775877483","0.312500008608706","901","901","501","501","901","901","501","501","901","901","901","901","901","901","901","901","501","501","901","901","501","501","501","501","901","901","501","501","901","901","501","501"
"72","72","gemini2","0.549283641692133","0.179206390597016","7.14711962613003e-09","0.0214955262653085","5.18088842852774e-08","0.250014382489538","901","501","901","501","901","901","901","901","501","901","501","501","901","501","901","501","_0.5","0.5","0.353279554246847","0.740166946730407","0.0249984007155531","0.348845447826953","2.74996990844291e-09","0.175185393741161","4.92432311278022e-09","0.09859405896162","2.06991598666391e-08","0.0434069361087301","0.062500775877483","0.312500008608706","901","901","501","501","901","901","501","501","901","901","901","901","901","901","901","901","501","501","901","901","501","501","501","501","901","901","501","501","901","901","501","501"
"73","73","gemini2","0.367695407722011","0.229144936754657","0.109048002745275","0.0441116107840794","6.88644363970389e-07","0.249999353349613","901","501","901","501","901","901","901","901","501","901","501","501","901","501","901","501","_0.5","0.5","0.353279554246847","0.740166946730407","0.0249984007155531","0.348845447826953","2.74996990844291e-09","0.175185393741161","4.92432311278022e-09","0.09859405896162","2.06991598666391e-08","0.0434069361087301","0.062500775877483","0.312500008608706","901","901","501","501","901","901","501","501","901","901","901","901","901","901","901","901","501","501","901","901","501","501","501","501","901","901","501","501","901","901","501","501"
"74","74","gemini2","0.692546145810139","0.0678862945675333","0.0520656883648337","1.80675931594419e-08","5.05732430213841e-08","0.187501802616658","901","501","901","501","901","901","901","901","501","901","501","501","901","501","901","501","_0.5","0.5","0.353279554246847","0.740166946730407","0.0249984007155531","0.348845447826953","2.74996990844291e-09","0.175185393741161","4.92432311278022e-09","0.09859405896162","2.06991598666391e-08","0.0434069361087301","0.062500775877483","0.312500008608706","901","901","501","501","901","901","501","501","901","901","901","901","901","901","901","901","501","501","901","901","501","501","501","501","901","901","501","501","901","901","501","501"
"75","75","gemini2","0.543654879233887","0.228426178194621","0.0399493013663651","2.69389822011196e-08","6.27209291505254e-08","0.187969551545215","901","501","901","501","901","901","901","901","501","901","501","501","901","501","901","501","_0.5","0.5","0.353279554246847","0.740166946730407","0.0249984007155531","0.348845447826953","2.74996990844291e-09","0.175185393741161","4.92432311278022e-09","0.09859405896162","2.06991598666391e-08","0.0434069361087301","0.062500775877483","0.312500008608706","901","901","501","501","901","901","501","501","901","901","901","901","901","901","901","901","501","501","901","901","501","501","501","501","901","901","501","501","901","901","501","501"
"76","76","gemini2","0.32919110689896","0.201566805900142","0.281056185761053","3.59267522515102e-08","1.86915697901931e-07","0.188185678597396","901","501","901","501","901","901","901","901","501","901","501","501","901","501","901","501","_0.5","0.5","0.353279554246847","0.740166946730407","0.0249984007155531","0.348845447826953","2.74996990844291e-09","0.175185393741161","4.92432311278022e-09","0.09859405896162","2.06991598666391e-08","0.0434069361087301","0.062500775877483","0.312500008608706","901","901","501","501","901","901","501","501","901","901","901","901","901","901","901","901","501","501","901","901","501","501","501","501","901","901","501","501","901","901","501","501"
"77","77","gemini2","0.401621902700737","0.278524453104563","0.0806589480654097","0.0516918985359496","7.19625424328259e-08","0.187502725630798","901","501","901","501","901","901","901","901","501","901","501","501","901","501","901","501","_0.5","0.5","0.353279554246847","0.740166946730407","0.0249984007155531","0.348845447826953","2.74996990844291e-09","0.175185393741161","4.92432311278022e-09","0.09859405896162","2.06991598666391e-08","0.0434069361087301","0.062500775877483","0.312500008608706","901","901","501","501","901","901","501","501","901","901","901","901","901","901","901","901","501","501","901","901","501","501","501","501","901","901","501","501","901","901","501","501"
"78","78","gemini2","0.819515727171826","0.0896884886114296","0.0282984424459642","5.72551124487117e-08","8.07776536931931e-08","0.0624972037380143","901","501","901","501","901","901","901","901","501","901","501","501","901","501","901","501","_0.5","0.5","0.353279554246847","0.740166946730407","0.0249984007155531","0.348845447826953","2.74996990844291e-09","0.175185393741161","4.92432311278022e-09","0.09859405896162","2.06991598666391e-08","0.0434069361087301","0.062500775877483","0.312500008608706","901","901","501","501","901","901","501","501","901","901","901","901","901","901","901","901","501","501","901","901","501","501","501","501","901","901","501","501","901","901","501","501"
"79","79","gemini2","0.502268910982954","0.218226522964393","0.0920032041779764","5.11366052752954e-09","3.84386054881952e-08","0.18750131832241","901","501","901","501","901","901","901","901","501","901","501","501","901","501","901","501","_0.5","0.5","0.353279554246847","0.740166946730407","0.0249984007155531","0.348845447826953","2.74996990844291e-09","0.175185393741161","4.92432311278022e-09","0.09859405896162","2.06991598666391e-08","0.0434069361087301","0.062500775877483","0.312500008608706","901","901","501","501","901","901","501","501","901","901","901","901","901","901","901","901","501","501","901","901","501","501","501","501","901","901","501","501","901","901","501","501"
"80","80","gemini2","0.627964633402601","0.148355993569568","0.0361724987727636","1.92675518267381e-08","5.04201571729753e-08","0.187506804567358","901","501","901","501","901","901","901","901","501","901","501","501","901","501","901","501","_0.5","0.5","0.353279554246847","0.740166946730407","0.0249984007155531","0.348845447826953","2.74996990844291e-09","0.175185393741161","4.92432311278022e-09","0.09859405896162","2.06991598666391e-08","0.0434069361087301","0.062500775877483","0.312500008608706","901","901","501","501","901","901","501","501","901","901","901","901","901","901","901","901","501","501","901","901","501","501","501","501","901","901","501","501","901","901","501","501"
"81","81","gemini2","0.634878331744886","0.262797388572252","0.0147288503581325","7.67274729453302e-08","0.0250928023111166","0.0625025502861395","901","501","901","501","901","901","901","901","501","901","501","501","901","501","901","501","_0.5","0.5","0.353279554246847","0.740166946730407","0.0249984007155531","0.348845447826953","2.74996990844291e-09","0.175185393741161","4.92432311278022e-09","0.09859405896162","2.06991598666391e-08","0.0434069361087301","0.062500775877483","0.312500008608706","901","901","501","501","901","901","501","501","901","901","901","901","901","901","901","901","501","501","901","901","501","501","501","501","901","901","501","501","901","901","501","501"
"82","82","gemini2","0.640134833661336","0.122460707378634","9.63783874338954e-08","0.0476891047204952","0.0646130329299235","0.125102224931224","901","501","901","501","901","901","901","901","501","901","501","501","901","501","901","501","_0.5","0.5","0.353279554246847","0.740166946730407","0.0249984007155531","0.348845447826953","2.74996990844291e-09","0.175185393741161","4.92432311278022e-09","0.09859405896162","2.06991598666391e-08","0.0434069361087301","0.062500775877483","0.312500008608706","901","901","501","501","901","901","501","501","901","901","901","901","901","901","901","901","501","501","901","901","501","501","501","501","901","901","501","501","901","901","501","501"
"83","83","gemini2","0.640670421108286","0.0972675420596584","0.0745645698530789","3.58563147942171e-08","4.83442531752555e-08","0.187497382778409","901","501","901","501","901","901","901","901","501","901","501","501","901","501","901","501","_0.5","0.5","0.353279554246847","0.740166946730407","0.0249984007155531","0.348845447826953","2.74996990844291e-09","0.175185393741161","4.92432311278022e-09","0.09859405896162","2.06991598666391e-08","0.0434069361087301","0.062500775877483","0.312500008608706","901","901","501","501","901","901","501","501","901","901","901","901","901","901","901","901","501","501","901","901","501","501","501","501","901","901","501","501","901","901","501","501"
"84","84","gemini2","0.576664724459828","0.0951863750924074","0.0422111230886096","0.0359576024604453","6.43814067975955e-08","0.249980110517303","901","501","901","501","901","901","901","901","501","901","501","501","901","501","901","501","_0.5","0.5","0.353279554246847","0.740166946730407","0.0249984007155531","0.348845447826953","2.74996990844291e-09","0.175185393741161","4.92432311278022e-09","0.09859405896162","2.06991598666391e-08","0.0434069361087301","0.062500775877483","0.312500008608706","901","901","501","501","901","901","501","501","901","901","901","901","901","901","901","901","501","501","901","901","501","501","501","501","901","901","501","501","901","901","501","501"
"85","85","gemini2","0.690585021914399","0.120592330267601","0.0656882956191832","0.0219822069928818","0.038650065013272","0.0625020801926627","901","501","901","501","901","901","901","901","501","901","501","501","901","501","901","501","_0.5","0.5","0.353279554246847","0.740166946730407","0.0249984007155531","0.348845447826953","2.74996990844291e-09","0.175185393741161","4.92432311278022e-09","0.09859405896162","2.06991598666391e-08","0.0434069361087301","0.062500775877483","0.312500008608706","901","901","501","501","901","901","501","501","901","901","901","901","901","901","901","901","501","501","901","901","501","501","501","501","901","901","501","501","901","901","501","501"
"86","86","gemini2","0.635087011630907","0.0908224710090819","2.6171248054027e-10","6.39695646472239e-08","0.0240701231895135","0.250020329939221","901","501","901","501","901","901","901","901","501","901","501","501","901","501","901","501","_0.5","0.5","0.353279554246847","0.740166946730407","0.0249984007155531","0.348845447826953","2.74996990844291e-09","0.175185393741161","4.92432311278022e-09","0.09859405896162","2.06991598666391e-08","0.0434069361087301","0.062500775877483","0.312500008608706","901","901","501","501","901","901","501","501","901","901","901","901","901","901","901","901","501","501","901","901","501","501","501","501","901","901","501","501","901","901","501","501"
"87","87","gemini2","0.531938325794094","0.213075082298899","0.0331626335046801","0.096507057655252","4.6270597669697e-08","0.125316854476477","901","501","901","501","901","901","901","901","501","901","501","501","901","501","901","501","_0.5","0.5","0.353279554246847","0.740166946730407","0.0249984007155531","0.348845447826953","2.74996990844291e-09","0.175185393741161","4.92432311278022e-09","0.09859405896162","2.06991598666391e-08","0.0434069361087301","0.062500775877483","0.312500008608706","901","901","501","501","901","901","501","501","901","901","901","901","901","901","901","901","501","501","901","901","501","501","501","501","901","901","501","501","901","901","501","501"
"88","88","gemini2","0.681879934224028","0.0768228418532997","0.038851441134528","8.27760705839108e-08","0.0774464202540448","0.124999279758029","901","501","901","501","901","901","901","901","501","901","501","501","901","501","901","501","_0.5","0.5","0.353279554246847","0.740166946730407","0.0249984007155531","0.348845447826953","2.74996990844291e-09","0.175185393741161","4.92432311278022e-09","0.09859405896162","2.06991598666391e-08","0.0434069361087301","0.062500775877483","0.312500008608706","901","901","501","501","901","901","501","501","901","901","901","901","901","901","901","901","501","501","901","901","501","501","501","501","901","901","501","501","901","901","501","501"
"89","89","gemini2","0.562144980361544","0.0947559133369258","0.155598939829157","4.48463326886368e-08","3.87288250449726e-08","0.187500082897216","901","501","901","501","901","901","901","901","501","901","501","501","901","501","901","501","_0.5","0.5","0.353279554246847","0.740166946730407","0.0249984007155531","0.348845447826953","2.74996990844291e-09","0.175185393741161","4.92432311278022e-09","0.09859405896162","2.06991598666391e-08","0.0434069361087301","0.062500775877483","0.312500008608706","901","901","501","501","901","901","501","501","901","901","901","901","901","901","901","901","501","501","901","901","501","501","501","501","901","901","501","501","901","901","501","501"
"90","90","gemini2","0.309089496047754","0.226273254264154","0.155646500403428","0.0589875639701351","4.55216937303645e-08","0.250003139792835","901","501","901","501","901","901","901","901","501","901","501","501","901","501","901","501","_0.5","0.5","0.353279554246847","0.740166946730407","0.0249984007155531","0.348845447826953","2.74996990844291e-09","0.175185393741161","4.92432311278022e-09","0.09859405896162","2.06991598666391e-08","0.0434069361087301","0.062500775877483","0.312500008608706","901","901","501","501","901","901","501","501","901","901","901","901","901","901","901","901","501","501","901","901","501","501","501","501","901","901","501","501","901","901","501","501"
"91","91","gemini2","0.489778044119618","0.165610932884483","0.122520396775285","7.26104001852885e-08","0.0345883835288146","0.187502170081399","901","501","901","501","901","901","901","901","501","901","501","501","901","501","901","501","_0.5","0.5","0.353279554246847","0.740166946730407","0.0249984007155531","0.348845447826953","2.74996990844291e-09","0.175185393741161","4.92432311278022e-09","0.09859405896162","2.06991598666391e-08","0.0434069361087301","0.062500775877483","0.312500008608706","901","901","501","501","901","901","501","501","901","901","901","901","901","901","901","901","501","501","901","901","501","501","501","501","901","901","501","501","901","901","501","501"
"92","92","gemini2","0.403984272736579","0.230537462339248","0.185300740735711","3.56796367837753e-08","1.994930022091e-08","0.180177468559524","901","501","901","501","901","901","901","901","501","901","501","501","901","501","901","501","_0.5","0.5","0.353279554246847","0.740166946730407","0.0249984007155531","0.348845447826953","2.74996990844291e-09","0.175185393741161","4.92432311278022e-09","0.09859405896162","2.06991598666391e-08","0.0434069361087301","0.062500775877483","0.312500008608706","901","901","501","501","901","901","501","501","901","901","901","901","901","901","901","901","501","501","901","901","501","501","501","501","901","901","501","501","901","901","501","501"
"93","93","gemini2","0.657875804537671","0.0651492476091789","7.48438998347e-10","0.0269732576317653","4.97634675341561e-08","0.250001639709479","901","501","901","501","901","901","901","901","501","901","501","501","901","501","901","501","_0.5","0.5","0.353279554246847","0.740166946730407","0.0249984007155531","0.348845447826953","2.74996990844291e-09","0.175185393741161","4.92432311278022e-09","0.09859405896162","2.06991598666391e-08","0.0434069361087301","0.062500775877483","0.312500008608706","901","901","501","501","901","901","501","501","901","901","901","901","901","901","901","901","501","501","901","901","501","501","501","501","901","901","501","501","901","901","501","501"
"94","94","gemini2","0.581226175531138","8.76290628150305e-08","0.167458100588478","3.28210279819807e-08","1.60486070004554e-08","0.251315587381687","901","501","901","501","901","901","901","901","501","901","501","501","901","501","901","501","_0.5","0.5","0.353279554246847","0.740166946730407","0.0249984007155531","0.348845447826953","2.74996990844291e-09","0.175185393741161","4.92432311278022e-09","0.09859405896162","2.06991598666391e-08","0.0434069361087301","0.062500775877483","0.312500008608706","901","901","501","501","901","901","501","501","901","901","901","901","901","901","901","901","501","501","901","901","501","501","501","501","901","901","501","501","901","901","501","501"
"95","95","gemini2","0.39278293703921","0.11827003233367","0.142878746241045","0.0335665410811484","1.2214470769194e-06","0.312500521857849","901","501","901","501","901","901","901","901","501","901","501","501","901","501","901","501","_0.5","0.5","0.353279554246847","0.740166946730407","0.0249984007155531","0.348845447826953","2.74996990844291e-09","0.175185393741161","4.92432311278022e-09","0.09859405896162","2.06991598666391e-08","0.0434069361087301","0.062500775877483","0.312500008608706","901","901","501","501","901","901","501","501","901","901","901","901","901","901","901","901","501","501","901","901","501","501","501","501","901","901","501","501","901","901","501","501"
"96","96","gemini2","0.451827882196801","0.273699388890218","0.0452211060271008","0.041734141265018","6.75453393172378e-08","0.187517414075522","901","501","901","501","901","901","901","901","501","901","501","501","901","501","901","501","_0.5","0.5","0.353279554246847","0.740166946730407","0.0249984007155531","0.348845447826953","2.74996990844291e-09","0.175185393741161","4.92432311278022e-09","0.09859405896162","2.06991598666391e-08","0.0434069361087301","0.062500775877483","0.312500008608706","901","901","501","501","901","901","501","501","901","901","901","901","901","901","901","901","501","501","901","901","501","501","501","501","901","901","501","501","901","901","501","501"
"97","97","gemini2","0.429873170155367","0.27488337291498","0.107654898163234","1.93337653769855e-08","3.50512368177548e-08","0.187588504381416","901","501","901","501","901","901","901","901","501","901","501","501","901","501","901","501","_0.5","0.5","0.353279554246847","0.740166946730407","0.0249984007155531","0.348845447826953","2.74996990844291e-09","0.175185393741161","4.92432311278022e-09","0.09859405896162","2.06991598666391e-08","0.0434069361087301","0.062500775877483","0.312500008608706","901","901","501","501","901","901","501","501","901","901","901","901","901","901","901","901","501","501","901","901","501","501","501","501","901","901","501","501","901","901","501","501"
"98","98","gemini2","0.625624048255309","0.139905344876387","0.0757890988369362","0.0336703266876741","7.65309868694713e-08","0.125011104812707","901","501","901","501","901","901","901","901","501","901","501","501","901","501","901","501","_0.5","0.5","0.353279554246847","0.740166946730407","0.0249984007155531","0.348845447826953","2.74996990844291e-09","0.175185393741161","4.92432311278022e-09","0.09859405896162","2.06991598666391e-08","0.0434069361087301","0.062500775877483","0.312500008608706","901","901","501","501","901","901","501","501","901","901","901","901","901","901","901","901","501","501","901","901","501","501","501","501","901","901","501","501","901","901","501","501"
"99","99","gemini2","0.490950639169258","0.282335932722349","7.07165653823053e-09","0.0392109706060888","6.49920391104885e-08","0.187502385438609","901","501","901","501","901","901","901","901","501","901","501","501","901","501","901","501","_0.5","0.5","0.353279554246847","0.740166946730407","0.0249984007155531","0.348845447826953","2.74996990844291e-09","0.175185393741161","4.92432311278022e-09","0.09859405896162","2.06991598666391e-08","0.0434069361087301","0.062500775877483","0.312500008608706","901","901","501","501","901","901","501","501","901","901","901","901","901","901","901","901","501","501","901","901","501","501","501","501","901","901","501","501","901","901","501","501"
"100","100","gemini2","0.604527448999675","0.185315301024119","0.0226385504947695","3.75937811701486e-06","3.95861904015105e-06","0.18751098148428","901","501","901","501","901","901","901","901","501","901","501","501","901","501","901","501","_0.5","0.5","0.353279554246847","0.740166946730407","0.0249984007155531","0.348845447826953","2.74996990844291e-09","0.175185393741161","4.92432311278022e-09","0.09859405896162","2.06991598666391e-08","0.0434069361087301","0.062500775877483","0.312500008608706","901","901","501","501","901","901","501","501","901","901","901","901","901","901","901","901","501","501","901","901","501","501","501","501","901","901","501","501","901","901","501","501"
