X,subject,LLM,tau,n_round1,n_round2,n_round3,n_round4,n_round5,n_round6,n_round7,n_round8,n_round9,n_round10,n_round11,n_round12,n_round13,n_round14,n_round15,n_round16,treatment,temperature,ci_lower_tau,ci_upper_tau,ci_lower_n_round1,ci_upper_n_round1,ci_lower_n_round2,ci_upper_n_round2,ci_lower_n_round3,ci_upper_n_round3,ci_lower_n_round4,ci_upper_n_round4,ci_lower_n_round5,ci_upper_n_round5,ci_lower_n_round6,ci_upper_n_round6,ci_lower_n_round7,ci_upper_n_round7,ci_lower_n_round8,ci_upper_n_round8,ci_lower_n_round9,ci_upper_n_round9,ci_lower_n_round10,ci_upper_n_round10,ci_lower_n_round11,ci_upper_n_round11,ci_lower_n_round12,ci_upper_n_round12,ci_lower_n_round13,ci_upper_n_round13,ci_lower_n_round14,ci_upper_n_round14,ci_lower_n_round15,ci_upper_n_round15,ci_lower_n_round16,ci_upper_n_round16
1,1,gemini2,0.819290745,901,501,901,501,901,901,901,901,501,901,501,501,901,501,901,501,_0.5,0.5,0.730527408,2.508772325,901,901,501,501,901,901,501,501,901,901,901,901,901,901,901,901,501,501,901,901,501,501,501,501,901,901,501,501,901,901,501,501
2,2,gemini2,0.911643919,901,501,901,501,901,901,901,901,501,901,501,501,901,501,901,501,_0.5,0.5,0.730527408,2.508772325,901,901,501,501,901,901,501,501,901,901,901,901,901,901,901,901,501,501,901,901,501,501,501,501,901,901,501,501,901,901,501,501
3,3,gemini2,2.993948694,901,501,901,501,901,901,901,901,501,901,501,501,901,501,901,501,_0.5,0.5,0.730527408,2.508772325,901,901,501,501,901,901,501,501,901,901,901,901,901,901,901,901,501,501,901,901,501,501,501,501,901,901,501,501,901,901,501,501
4,4,gemini2,2.998042348,901,501,901,501,901,901,901,901,501,901,501,501,901,501,901,501,_0.5,0.5,0.730527408,2.508772325,901,901,501,501,901,901,501,501,901,901,901,901,901,901,901,901,501,501,901,901,501,501,501,501,901,901,501,501,901,901,501,501
5,5,gemini2,1.414272506,901,501,901,501,901,901,901,901,501,901,501,501,901,501,901,501,_0.5,0.5,0.730527408,2.508772325,901,901,501,501,901,901,501,501,901,901,901,901,901,901,901,901,501,501,901,901,501,501,501,501,901,901,501,501,901,901,501,501
6,6,gemini2,1.33747153,901,501,901,501,901,901,901,901,501,901,501,501,901,501,901,501,_0.5,0.5,0.730527408,2.508772325,901,901,501,501,901,901,501,501,901,901,901,901,901,901,901,901,501,501,901,901,501,501,501,501,901,901,501,501,901,901,501,501
7,7,gemini2,1.339714066,901,501,901,501,901,901,901,901,501,901,501,501,901,501,901,501,_0.5,0.5,0.730527408,2.508772325,901,901,501,501,901,901,501,501,901,901,901,901,901,901,901,901,501,501,901,901,501,501,501,501,901,901,501,501,901,901,501,501
8,8,gemini2,0.9513976,901,501,901,501,901,901,901,901,501,901,501,501,901,501,901,501,_0.5,0.5,0.730527408,2.508772325,901,901,501,501,901,901,501,501,901,901,901,901,901,901,901,901,501,501,901,901,501,501,501,501,901,901,501,501,901,901,501,501
9,9,gemini2,1.380952328,901,501,901,501,901,901,901,901,501,901,501,501,901,501,901,501,_0.5,0.5,0.730527408,2.508772325,901,901,501,501,901,901,501,501,901,901,901,901,901,901,901,901,501,501,901,901,501,501,501,501,901,901,501,501,901,901,501,501
10,10,gemini2,1.22222298,901,501,901,501,901,901,901,901,501,901,501,501,901,501,901,501,_0.5,0.5,0.730527408,2.508772325,901,901,501,501,901,901,501,501,901,901,901,901,901,901,901,901,501,501,901,901,501,501,501,501,901,901,501,501,901,901,501,501
11,11,gemini2,2.037858528,901,501,901,501,901,901,901,901,501,901,501,501,901,501,901,501,_0.5,0.5,0.730527408,2.508772325,901,901,501,501,901,901,501,501,901,901,901,901,901,901,901,901,501,501,901,901,501,501,501,501,901,901,501,501,901,901,501,501
12,12,gemini2,0.705300212,901,501,901,501,901,901,901,901,501,901,501,501,901,501,901,501,_0.5,0.5,0.730527408,2.508772325,901,901,501,501,901,901,501,501,901,901,901,901,901,901,901,901,501,501,901,901,501,501,501,501,901,901,501,501,901,901,501,501
13,13,gemini2,1.413782009,901,501,901,501,901,901,901,901,501,901,501,501,901,501,901,501,_0.5,0.5,0.730527408,2.508772325,901,901,501,501,901,901,501,501,901,901,901,901,901,901,901,901,501,501,901,901,501,501,501,501,901,901,501,501,901,901,501,501
14,14,gemini2,1.545456612,901,501,901,501,901,901,901,901,501,901,501,501,901,501,901,501,_0.5,0.5,0.730527408,2.508772325,901,901,501,501,901,901,501,501,901,901,901,901,901,901,901,901,501,501,901,901,501,501,501,501,901,901,501,501,901,901,501,501
15,15,gemini2,2.242646536,901,501,901,501,901,901,901,901,501,901,501,501,901,501,901,501,_0.5,0.5,0.730527408,2.508772325,901,901,501,501,901,901,501,501,901,901,901,901,901,901,901,901,501,501,901,901,501,501,501,501,901,901,501,501,901,901,501,501
16,16,gemini2,1.153813965,901,501,901,501,901,901,901,901,501,901,501,501,901,501,901,501,_0.5,0.5,0.730527408,2.508772325,901,901,501,501,901,901,501,501,901,901,901,901,901,901,901,901,501,501,901,901,501,501,501,501,901,901,501,501,901,901,501,501
17,17,gemini2,0.906158176,901,501,901,501,901,901,901,901,501,901,501,501,901,501,901,501,_0.5,0.5,0.730527408,2.508772325,901,901,501,501,901,901,501,501,901,901,901,901,901,901,901,901,501,501,901,901,501,501,501,501,901,901,501,501,901,901,501,501
18,18,gemini2,1.592152664,901,501,901,501,901,901,901,901,501,901,501,501,901,501,901,501,_0.5,0.5,0.730527408,2.508772325,901,901,501,501,901,901,501,501,901,901,901,901,901,901,901,901,501,501,901,901,501,501,501,501,901,901,501,501,901,901,501,501
19,19,gemini2,1.380952933,901,501,901,501,901,901,901,901,501,901,501,501,901,501,901,501,_0.5,0.5,0.730527408,2.508772325,901,901,501,501,901,901,501,501,901,901,901,901,901,901,901,901,501,501,901,901,501,501,501,501,901,901,501,501,901,901,501,501
20,20,gemini2,0.863117306,901,501,901,501,901,901,901,901,501,901,501,501,901,501,901,501,_0.5,0.5,0.730527408,2.508772325,901,901,501,501,901,901,501,501,901,901,901,901,901,901,901,901,501,501,901,901,501,501,501,501,901,901,501,501,901,901,501,501
21,21,gemini2,1.816901867,901,501,901,501,901,901,901,901,501,901,501,501,901,501,901,501,_0.5,0.5,0.730527408,2.508772325,901,901,501,501,901,901,501,501,901,901,901,901,901,901,901,901,501,501,901,901,501,501,501,501,901,901,501,501,901,901,501,501
22,22,gemini2,1.362480952,901,501,901,501,901,901,901,901,501,901,501,501,901,501,901,501,_0.5,0.5,0.730527408,2.508772325,901,901,501,501,901,901,501,501,901,901,901,901,901,901,901,901,501,501,901,901,501,501,501,501,901,901,501,501,901,901,501,501
23,23,gemini2,1.832187871,901,501,901,501,901,901,901,901,501,901,501,501,901,501,901,501,_0.5,0.5,0.730527408,2.508772325,901,901,501,501,901,901,501,501,901,901,901,901,901,901,901,901,501,501,901,901,501,501,501,501,901,901,501,501,901,901,501,501
24,24,gemini2,1.413795582,901,501,901,501,901,901,901,901,501,901,501,501,901,501,901,501,_0.5,0.5,0.730527408,2.508772325,901,901,501,501,901,901,501,501,901,901,901,901,901,901,901,901,501,501,901,901,501,501,501,501,901,901,501,501,901,901,501,501
25,25,gemini2,1.37893136,901,501,901,501,901,901,901,901,501,901,501,501,901,501,901,501,_0.5,0.5,0.730527408,2.508772325,901,901,501,501,901,901,501,501,901,901,901,901,901,901,901,901,501,501,901,901,501,501,501,501,901,901,501,501,901,901,501,501
26,26,gemini2,2.076923574,901,501,901,501,901,901,901,901,501,901,501,501,901,501,901,501,_0.5,0.5,0.730527408,2.508772325,901,901,501,501,901,901,501,501,901,901,901,901,901,901,901,901,501,501,901,901,501,501,501,501,901,901,501,501,901,901,501,501
27,27,gemini2,1.416060235,901,501,901,501,901,901,901,901,501,901,501,501,901,501,901,501,_0.5,0.5,0.730527408,2.508772325,901,901,501,501,901,901,501,501,901,901,901,901,901,901,901,901,501,501,901,901,501,501,501,501,901,901,501,501,901,901,501,501
28,28,gemini2,2.736655989,901,501,901,501,901,901,901,901,501,901,501,501,901,501,901,501,_0.5,0.5,0.730527408,2.508772325,901,901,501,501,901,901,501,501,901,901,901,901,901,901,901,901,501,501,901,901,501,501,501,501,901,901,501,501,901,901,501,501
29,29,gemini2,1.247191045,901,501,901,501,901,901,901,901,501,901,501,501,901,501,901,501,_0.5,0.5,0.730527408,2.508772325,901,901,501,501,901,901,501,501,901,901,901,901,901,901,901,901,501,501,901,901,501,501,501,501,901,901,501,501,901,901,501,501
30,30,gemini2,1.74509821,901,501,901,501,901,901,901,901,501,901,501,501,901,501,901,501,_0.5,0.5,0.730527408,2.508772325,901,901,501,501,901,901,501,501,901,901,901,901,901,901,901,901,501,501,901,901,501,501,501,501,901,901,501,501,901,901,501,501
31,31,gemini2,1.317880994,901,501,901,501,901,901,901,901,501,901,501,501,901,501,901,501,_0.5,0.5,0.730527408,2.508772325,901,901,501,501,901,901,501,501,901,901,901,901,901,901,901,901,501,501,901,901,501,501,501,501,901,901,501,501,901,901,501,501
32,32,gemini2,1.739736179,901,501,901,501,901,901,901,901,501,901,501,501,901,501,901,501,_0.5,0.5,0.730527408,2.508772325,901,901,501,501,901,901,501,501,901,901,901,901,901,901,901,901,501,501,901,901,501,501,501,501,901,901,501,501,901,901,501,501
33,33,gemini2,2.846154512,901,501,901,501,901,901,901,901,501,901,501,501,901,501,901,501,_0.5,0.5,0.730527408,2.508772325,901,901,501,501,901,901,501,501,901,901,901,901,901,901,901,901,501,501,901,901,501,501,501,501,901,901,501,501,901,901,501,501
34,34,gemini2,1.898551348,901,501,901,501,901,901,901,901,501,901,501,501,901,501,901,501,_0.5,0.5,0.730527408,2.508772325,901,901,501,501,901,901,501,501,901,901,901,901,901,901,901,901,501,501,901,901,501,501,501,501,901,901,501,501,901,901,501,501
35,35,gemini2,1.701439449,901,501,901,501,901,901,901,901,501,901,501,501,901,501,901,501,_0.5,0.5,0.730527408,2.508772325,901,901,501,501,901,901,501,501,901,901,901,901,901,901,901,901,501,501,901,901,501,501,501,501,901,901,501,501,901,901,501,501
36,36,gemini2,1.51362119,901,501,901,501,901,901,901,901,501,901,501,501,901,501,901,501,_0.5,0.5,0.730527408,2.508772325,901,901,501,501,901,901,501,501,901,901,901,901,901,901,901,901,501,501,901,901,501,501,501,501,901,901,501,501,901,901,501,501
37,37,gemini2,1.378314441,901,501,901,501,901,901,901,901,501,901,501,501,901,501,901,501,_0.5,0.5,0.730527408,2.508772325,901,901,501,501,901,901,501,501,901,901,901,901,901,901,901,901,501,501,901,901,501,501,501,501,901,901,501,501,901,901,501,501
38,38,gemini2,1.329771704,901,501,901,501,901,901,901,901,501,901,501,501,901,501,901,501,_0.5,0.5,0.730527408,2.508772325,901,901,501,501,901,901,501,501,901,901,901,901,901,901,901,901,501,501,901,901,501,501,501,501,901,901,501,501,901,901,501,501
39,39,gemini2,1.033958545,901,501,901,501,901,901,901,901,501,901,501,501,901,501,901,501,_0.5,0.5,0.730527408,2.508772325,901,901,501,501,901,901,501,501,901,901,901,901,901,901,901,901,501,501,901,901,501,501,501,501,901,901,501,501,901,901,501,501
40,40,gemini2,1.795273737,901,501,901,501,901,901,901,901,501,901,501,501,901,501,901,501,_0.5,0.5,0.730527408,2.508772325,901,901,501,501,901,901,501,501,901,901,901,901,901,901,901,901,501,501,901,901,501,501,501,501,901,901,501,501,901,901,501,501
41,41,gemini2,1.673267867,901,501,901,501,901,901,901,901,501,901,501,501,901,501,901,501,_0.5,0.5,0.730527408,2.508772325,901,901,501,501,901,901,501,501,901,901,901,901,901,901,901,901,501,501,901,901,501,501,501,501,901,901,501,501,901,901,501,501
42,42,gemini2,1.965559175,901,501,901,501,901,901,901,901,501,901,501,501,901,501,901,501,_0.5,0.5,0.730527408,2.508772325,901,901,501,501,901,901,501,501,901,901,901,901,901,901,901,901,501,501,901,901,501,501,501,501,901,901,501,501,901,901,501,501
43,43,gemini2,2.442623126,901,501,901,501,901,901,901,901,501,901,501,501,901,501,901,501,_0.5,0.5,0.730527408,2.508772325,901,901,501,501,901,901,501,501,901,901,901,901,901,901,901,901,501,501,901,901,501,501,501,501,901,901,501,501,901,901,501,501
44,44,gemini2,2.037118603,901,501,901,501,901,901,901,901,501,901,501,501,901,501,901,501,_0.5,0.5,0.730527408,2.508772325,901,901,501,501,901,901,501,501,901,901,901,901,901,901,901,901,501,501,901,901,501,501,501,501,901,901,501,501,901,901,501,501
45,45,gemini2,1.124321905,901,501,901,501,901,901,901,901,501,901,501,501,901,501,901,501,_0.5,0.5,0.730527408,2.508772325,901,901,501,501,901,901,501,501,901,901,901,901,901,901,901,901,501,501,901,901,501,501,501,501,901,901,501,501,901,901,501,501
46,46,gemini2,1.15382505,901,501,901,501,901,901,901,901,501,901,501,501,901,501,901,501,_0.5,0.5,0.730527408,2.508772325,901,901,501,501,901,901,501,501,901,901,901,901,901,901,901,901,501,501,901,901,501,501,501,501,901,901,501,501,901,901,501,501
47,47,gemini2,1.015504289,901,501,901,501,901,901,901,901,501,901,501,501,901,501,901,501,_0.5,0.5,0.730527408,2.508772325,901,901,501,501,901,901,501,501,901,901,901,901,901,901,901,901,501,501,901,901,501,501,501,501,901,901,501,501,901,901,501,501
48,48,gemini2,1.745100499,901,501,901,501,901,901,901,901,501,901,501,501,901,501,901,501,_0.5,0.5,0.730527408,2.508772325,901,901,501,501,901,901,501,501,901,901,901,901,901,901,901,901,501,501,901,901,501,501,501,501,901,901,501,501,901,901,501,501
49,49,gemini2,1.258065135,901,501,901,501,901,901,901,901,501,901,501,501,901,501,901,501,_0.5,0.5,0.730527408,2.508772325,901,901,501,501,901,901,501,501,901,901,901,901,901,901,901,901,501,501,901,901,501,501,501,501,901,901,501,501,901,901,501,501
50,50,gemini2,0.908025185,901,501,901,501,901,901,901,901,501,901,501,501,901,501,901,501,_0.5,0.5,0.730527408,2.508772325,901,901,501,501,901,901,501,501,901,901,901,901,901,901,901,901,501,501,901,901,501,501,501,501,901,901,501,501,901,901,501,501
51,51,gemini2,0.58410844,901,501,901,501,901,901,901,901,501,901,501,501,901,501,901,501,_0.5,0.5,0.730527408,2.508772325,901,901,501,501,901,901,501,501,901,901,901,901,901,901,901,901,501,501,901,901,501,501,501,501,901,901,501,501,901,901,501,501
52,52,gemini2,1.229517016,901,501,901,501,901,901,901,901,501,901,501,501,901,501,901,501,_0.5,0.5,0.730527408,2.508772325,901,901,501,501,901,901,501,501,901,901,901,901,901,901,901,901,501,501,901,901,501,501,501,501,901,901,501,501,901,901,501,501
53,53,gemini2,0.826086957,901,501,901,501,901,901,901,901,501,901,501,501,901,501,901,501,_0.5,0.5,0.730527408,2.508772325,901,901,501,501,901,901,501,501,901,901,901,901,901,901,901,901,501,501,901,901,501,501,501,501,901,901,501,501,901,901,501,501
54,54,gemini2,1.322274952,901,501,901,501,901,901,901,901,501,901,501,501,901,501,901,501,_0.5,0.5,0.730527408,2.508772325,901,901,501,501,901,901,501,501,901,901,901,901,901,901,901,901,501,501,901,901,501,501,501,501,901,901,501,501,901,901,501,501
55,55,gemini2,1.861313037,901,501,901,501,901,901,901,901,501,901,501,501,901,501,901,501,_0.5,0.5,0.730527408,2.508772325,901,901,501,501,901,901,501,501,901,901,901,901,901,901,901,901,501,501,901,901,501,501,501,501,901,901,501,501,901,901,501,501
56,56,gemini2,2.405754029,901,501,901,501,901,901,901,901,501,901,501,501,901,501,901,501,_0.5,0.5,0.730527408,2.508772325,901,901,501,501,901,901,501,501,901,901,901,901,901,901,901,901,501,501,901,901,501,501,501,501,901,901,501,501,901,901,501,501
57,57,gemini2,1.222222691,901,501,901,501,901,901,901,901,501,901,501,501,901,501,901,501,_0.5,0.5,0.730527408,2.508772325,901,901,501,501,901,901,501,501,901,901,901,901,901,901,901,901,501,501,901,901,501,501,501,501,901,901,501,501,901,901,501,501
58,58,gemini2,0.975683793,901,501,901,501,901,901,901,901,501,901,501,501,901,501,901,501,_0.5,0.5,0.730527408,2.508772325,901,901,501,501,901,901,501,501,901,901,901,901,901,901,901,901,501,501,901,901,501,501,501,501,901,901,501,501,901,901,501,501
59,59,gemini2,1.338529654,901,501,901,501,901,901,901,901,501,901,501,501,901,501,901,501,_0.5,0.5,0.730527408,2.508772325,901,901,501,501,901,901,501,501,901,901,901,901,901,901,901,901,501,501,901,901,501,501,501,501,901,901,501,501,901,901,501,501
60,60,gemini2,2.006247983,901,501,901,501,901,901,901,901,501,901,501,501,901,501,901,501,_0.5,0.5,0.730527408,2.508772325,901,901,501,501,901,901,501,501,901,901,901,901,901,901,901,901,501,501,901,901,501,501,501,501,901,901,501,501,901,901,501,501
61,61,gemini2,0.873174387,901,501,901,501,901,901,901,901,501,901,501,501,901,501,901,501,_0.5,0.5,0.730527408,2.508772325,901,901,501,501,901,901,501,501,901,901,901,901,901,901,901,901,501,501,901,901,501,501,501,501,901,901,501,501,901,901,501,501
62,62,gemini2,1.18323007,901,501,901,501,901,901,901,901,501,901,501,501,901,501,901,501,_0.5,0.5,0.730527408,2.508772325,901,901,501,501,901,901,501,501,901,901,901,901,901,901,901,901,501,501,901,901,501,501,501,501,901,901,501,501,901,901,501,501
63,63,gemini2,2.113488961,901,501,901,501,901,901,901,901,501,901,501,501,901,501,901,501,_0.5,0.5,0.730527408,2.508772325,901,901,501,501,901,901,501,501,901,901,901,901,901,901,901,901,501,501,901,901,501,501,501,501,901,901,501,501,901,901,501,501
64,64,gemini2,1.320676559,901,501,901,501,901,901,901,901,501,901,501,501,901,501,901,501,_0.5,0.5,0.730527408,2.508772325,901,901,501,501,901,901,501,501,901,901,901,901,901,901,901,901,501,501,901,901,501,501,501,501,901,901,501,501,901,901,501,501
65,65,gemini2,1.698976442,901,501,901,501,901,901,901,901,501,901,501,501,901,501,901,501,_0.5,0.5,0.730527408,2.508772325,901,901,501,501,901,901,501,501,901,901,901,901,901,901,901,901,501,501,901,901,501,501,501,501,901,901,501,501,901,901,501,501
66,66,gemini2,1.03720706,901,501,901,501,901,901,901,901,501,901,501,501,901,501,901,501,_0.5,0.5,0.730527408,2.508772325,901,901,501,501,901,901,501,501,901,901,901,901,901,901,901,901,501,501,901,901,501,501,501,501,901,901,501,501,901,901,501,501
67,67,gemini2,1.037618713,901,501,901,501,901,901,901,901,501,901,501,501,901,501,901,501,_0.5,0.5,0.730527408,2.508772325,901,901,501,501,901,901,501,501,901,901,901,901,901,901,901,901,501,501,901,901,501,501,501,501,901,901,501,501,901,901,501,501
68,68,gemini2,0.951397968,901,501,901,501,901,901,901,901,501,901,501,501,901,501,901,501,_0.5,0.5,0.730527408,2.508772325,901,901,501,501,901,901,501,501,901,901,901,901,901,901,901,901,501,501,901,901,501,501,501,501,901,901,501,501,901,901,501,501
69,69,gemini2,0.737774428,901,501,901,501,901,901,901,901,501,901,501,501,901,501,901,501,_0.5,0.5,0.730527408,2.508772325,901,901,501,501,901,901,501,501,901,901,901,901,901,901,901,901,501,501,901,901,501,501,501,501,901,901,501,501,901,901,501,501
70,70,gemini2,2.993948177,901,501,901,501,901,901,901,901,501,901,501,501,901,501,901,501,_0.5,0.5,0.730527408,2.508772325,901,901,501,501,901,901,501,501,901,901,901,901,901,901,901,901,501,501,901,901,501,501,501,501,901,901,501,501,901,901,501,501
71,71,gemini2,1.414241849,901,501,901,501,901,901,901,901,501,901,501,501,901,501,901,501,_0.5,0.5,0.730527408,2.508772325,901,901,501,501,901,901,501,501,901,901,901,901,901,901,901,901,501,501,901,901,501,501,501,501,901,901,501,501,901,901,501,501
72,72,gemini2,1.750886866,901,501,901,501,901,901,901,901,501,901,501,501,901,501,901,501,_0.5,0.5,0.730527408,2.508772325,901,901,501,501,901,901,501,501,901,901,901,901,901,901,901,901,501,501,901,901,501,501,501,501,901,901,501,501,901,901,501,501
73,73,gemini2,1.705016954,901,501,901,501,901,901,901,901,501,901,501,501,901,501,901,501,_0.5,0.5,0.730527408,2.508772325,901,901,501,501,901,901,501,501,901,901,901,901,901,901,901,901,501,501,901,901,501,501,501,501,901,901,501,501,901,901,501,501
74,74,gemini2,1.197802348,901,501,901,501,901,901,901,901,501,901,501,501,901,501,901,501,_0.5,0.5,0.730527408,2.508772325,901,901,501,501,901,901,501,501,901,901,901,901,901,901,901,901,501,501,901,901,501,501,501,501,901,901,501,501,901,901,501,501
75,75,gemini2,2.178958792,901,501,901,501,901,901,901,901,501,901,501,501,901,501,901,501,_0.5,0.5,0.730527408,2.508772325,901,901,501,501,901,901,501,501,901,901,901,901,901,901,901,901,501,501,901,901,501,501,501,501,901,901,501,501,901,901,501,501
76,76,gemini2,1.61042492,901,501,901,501,901,901,901,901,501,901,501,501,901,501,901,501,_0.5,0.5,0.730527408,2.508772325,901,901,501,501,901,901,501,501,901,901,901,901,901,901,901,901,501,501,901,901,501,501,501,501,901,901,501,501,901,901,501,501
77,77,gemini2,1.963615513,901,501,901,501,901,901,901,901,501,901,501,501,901,501,901,501,_0.5,0.5,0.730527408,2.508772325,901,901,501,501,901,901,501,501,901,901,901,901,901,901,901,901,501,501,901,901,501,501,501,501,901,901,501,501,901,901,501,501
78,78,gemini2,0.666835006,901,501,901,501,901,901,901,901,501,901,501,501,901,501,901,501,_0.5,0.5,0.730527408,2.508772325,901,901,501,501,901,901,501,501,901,901,901,901,901,901,901,901,501,501,901,901,501,501,501,501,901,901,501,501,901,901,501,501
79,79,gemini2,1.359549603,901,501,901,501,901,901,901,901,501,901,501,501,901,501,901,501,_0.5,0.5,0.730527408,2.508772325,901,901,501,501,901,901,501,501,901,901,901,901,901,901,901,901,501,501,901,901,501,501,501,501,901,901,501,501,901,901,501,501
80,80,gemini2,1.332818908,901,501,901,501,901,901,901,901,501,901,501,501,901,501,901,501,_0.5,0.5,0.730527408,2.508772325,901,901,501,501,901,901,501,501,901,901,901,901,901,901,901,901,501,501,901,901,501,501,501,501,901,901,501,501,901,901,501,501
81,81,gemini2,0.862439385,901,501,901,501,901,901,901,901,501,901,501,501,901,501,901,501,_0.5,0.5,0.730527408,2.508772325,901,901,501,501,901,901,501,501,901,901,901,901,901,901,901,901,501,501,901,901,501,501,501,501,901,901,501,501,901,901,501,501
82,82,gemini2,1.070773136,901,501,901,501,901,901,901,901,501,901,501,501,901,501,901,501,_0.5,0.5,0.730527408,2.508772325,901,901,501,501,901,901,501,501,901,901,901,901,901,901,901,901,501,501,901,901,501,501,501,501,901,901,501,501,901,901,501,501
83,83,gemini2,1.418129235,901,501,901,501,901,901,901,901,501,901,501,501,901,501,901,501,_0.5,0.5,0.730527408,2.508772325,901,901,501,501,901,901,501,501,901,901,901,901,901,901,901,901,501,501,901,901,501,501,501,501,901,901,501,501,901,901,501,501
84,84,gemini2,2.311505607,901,501,901,501,901,901,901,901,501,901,501,501,901,501,901,501,_0.5,0.5,0.730527408,2.508772325,901,901,501,501,901,901,501,501,901,901,901,901,901,901,901,901,501,501,901,901,501,501,501,501,901,901,501,501,901,901,501,501
85,85,gemini2,0.629073091,901,501,901,501,901,901,901,901,501,901,501,501,901,501,901,501,_0.5,0.5,0.730527408,2.508772325,901,901,501,501,901,901,501,501,901,901,901,901,901,901,901,901,501,501,901,901,501,501,501,501,901,901,501,501,901,901,501,501
86,86,gemini2,1.801124149,901,501,901,501,901,901,901,901,501,901,501,501,901,501,901,501,_0.5,0.5,0.730527408,2.508772325,901,901,501,501,901,901,501,501,901,901,901,901,901,901,901,901,501,501,901,901,501,501,501,501,901,901,501,501,901,901,501,501
87,87,gemini2,1.64151161,901,501,901,501,901,901,901,901,501,901,501,501,901,501,901,501,_0.5,0.5,0.730527408,2.508772325,901,901,501,501,901,901,501,501,901,901,901,901,901,901,901,901,501,501,901,901,501,501,501,501,901,901,501,501,901,901,501,501
88,88,gemini2,1.076669986,901,501,901,501,901,901,901,901,501,901,501,501,901,501,901,501,_0.5,0.5,0.730527408,2.508772325,901,901,501,501,901,901,501,501,901,901,901,901,901,901,901,901,501,501,901,901,501,501,501,501,901,901,501,501,901,901,501,501
89,89,gemini2,1.300021291,901,501,901,501,901,901,901,901,501,901,501,501,901,501,901,501,_0.5,0.5,0.730527408,2.508772325,901,901,501,501,901,901,501,501,901,901,901,901,901,901,901,901,501,501,901,901,501,501,501,501,901,901,501,501,901,901,501,501
90,90,gemini2,1.985075347,901,501,901,501,901,901,901,901,501,901,501,501,901,501,901,501,_0.5,0.5,0.730527408,2.508772325,901,901,501,501,901,901,501,501,901,901,901,901,901,901,901,901,501,501,901,901,501,501,501,501,901,901,501,501,901,901,501,501
91,91,gemini2,1.86131428,901,501,901,501,901,901,901,901,501,901,501,501,901,501,901,501,_0.5,0.5,0.730527408,2.508772325,901,901,501,501,901,901,501,501,901,901,901,901,901,901,901,901,501,501,901,901,501,501,501,501,901,901,501,501,901,901,501,501
92,92,gemini2,1.456142777,901,501,901,501,901,901,901,901,501,901,501,501,901,501,901,501,_0.5,0.5,0.730527408,2.508772325,901,901,501,501,901,901,501,501,901,901,901,901,901,901,901,901,501,501,901,901,501,501,501,501,901,901,501,501,901,901,501,501
93,93,gemini2,1.857143868,901,501,901,501,901,901,901,901,501,901,501,501,901,501,901,501,_0.5,0.5,0.730527408,2.508772325,901,901,501,501,901,901,501,501,901,901,901,901,901,901,901,901,501,501,901,901,501,501,501,501,901,901,501,501,901,901,501,501
94,94,gemini2,1.444592544,901,501,901,501,901,901,901,901,501,901,501,501,901,501,901,501,_0.5,0.5,0.730527408,2.508772325,901,901,501,501,901,901,501,501,901,901,901,901,901,901,901,901,501,501,901,901,501,501,501,501,901,901,501,501,901,901,501,501
95,95,gemini2,2.01679855,901,501,901,501,901,901,901,901,501,901,501,501,901,501,901,501,_0.5,0.5,0.730527408,2.508772325,901,901,501,501,901,901,501,501,901,901,901,901,901,901,901,901,501,501,901,901,501,501,501,501,901,901,501,501,901,901,501,501
96,96,gemini2,1.531650738,901,501,901,501,901,901,901,901,501,901,501,501,901,501,901,501,_0.5,0.5,0.730527408,2.508772325,901,901,501,501,901,901,501,501,901,901,901,901,901,901,901,901,501,501,901,901,501,501,501,501,901,901,501,501,901,901,501,501
97,97,gemini2,1.311727891,901,501,901,501,901,901,901,901,501,901,501,501,901,501,901,501,_0.5,0.5,0.730527408,2.508772325,901,901,501,501,901,901,501,501,901,901,901,901,901,901,901,901,501,501,901,901,501,501,501,501,901,901,501,501,901,901,501,501
98,98,gemini2,1.096080093,901,501,901,501,901,901,901,901,501,901,501,501,901,501,901,501,_0.5,0.5,0.730527408,2.508772325,901,901,501,501,901,901,501,501,901,901,901,901,901,901,901,901,501,501,901,901,501,501,501,501,901,901,501,501,901,901,501,501
99,99,gemini2,1.934849655,901,501,901,501,901,901,901,901,501,901,501,501,901,501,901,501,_0.5,0.5,0.730527408,2.508772325,901,901,501,501,901,901,501,501,901,901,901,901,901,901,901,901,501,501,901,901,501,501,501,501,901,901,501,501,901,901,501,501
100,100,gemini2,1.429765751,901,501,901,501,901,901,901,901,501,901,501,501,901,501,901,501,_0.5,0.5,0.730527408,2.508772325,901,901,501,501,901,901,501,501,901,901,901,901,901,901,901,901,501,501,901,901,501,501,501,501,901,901,501,501,901,901,501,501
1,1,chatgpto1,3.202856931,901,501,901,501,901,901,901,901,501,901,501,501,901,501,901,501,_1,1,1.795478828,4.084736648,901,901,501,501,901,901,501,501,901,901,901,901,901,901,901,901,501,501,901,901,501,501,501,501,901,901,501,501,901,901,501,501
2,2,chatgpto1,3.011635024,901,501,901,501,901,901,901,901,501,901,501,501,901,501,901,501,_1,1,1.795478828,4.084736648,901,901,501,501,901,901,501,501,901,901,901,901,901,901,901,901,501,501,901,901,501,501,501,501,901,901,501,501,901,901,501,501
3,3,chatgpto1,3.434444545,901,501,901,501,901,901,901,901,501,901,501,501,901,501,901,501,_1,1,1.795478828,4.084736648,901,901,501,501,901,901,501,501,901,901,901,901,901,901,901,901,501,501,901,901,501,501,501,501,901,901,501,501,901,901,501,501
4,4,chatgpto1,2.349997567,901,501,901,501,901,901,901,901,501,901,501,501,901,501,901,501,_1,1,1.795478828,4.084736648,901,901,501,501,901,901,501,501,901,901,901,901,901,901,901,901,501,501,901,901,501,501,501,501,901,901,501,501,901,901,501,501
5,5,chatgpto1,3.131112928,901,501,901,501,901,901,901,901,501,901,501,501,901,501,901,501,_1,1,1.795478828,4.084736648,901,901,501,501,901,901,501,501,901,901,901,901,901,901,901,901,501,501,901,901,501,501,501,501,901,901,501,501,901,901,501,501
6,6,chatgpto1,2.565801271,901,501,901,501,901,901,901,901,501,901,501,501,901,501,901,501,_1,1,1.795478828,4.084736648,901,901,501,501,901,901,501,501,901,901,901,901,901,901,901,901,501,501,901,901,501,501,501,501,901,901,501,501,901,901,501,501
7,7,chatgpto1,2.984590206,901,501,901,501,901,901,901,901,501,901,501,501,901,501,901,501,_1,1,1.795478828,4.084736648,901,901,501,501,901,901,501,501,901,901,901,901,901,901,901,901,501,501,901,901,501,501,501,501,901,901,501,501,901,901,501,501
8,8,chatgpto1,4.280519416,901,501,901,501,901,901,901,901,501,901,501,501,901,501,901,501,_1,1,1.795478828,4.084736648,901,901,501,501,901,901,501,501,901,901,901,901,901,901,901,901,501,501,901,901,501,501,501,501,901,901,501,501,901,901,501,501
9,9,chatgpto1,3.315995635,901,501,901,501,901,901,901,901,501,901,501,501,901,501,901,501,_1,1,1.795478828,4.084736648,901,901,501,501,901,901,501,501,901,901,901,901,901,901,901,901,501,501,901,901,501,501,501,501,901,901,501,501,901,901,501,501
10,10,chatgpto1,4.094339234,901,501,901,501,901,901,901,901,501,901,501,501,901,501,901,501,_1,1,1.795478828,4.084736648,901,901,501,501,901,901,501,501,901,901,901,901,901,901,901,901,501,501,901,901,501,501,501,501,901,901,501,501,901,901,501,501
11,11,chatgpto1,1.785156647,901,501,901,501,901,901,901,901,501,901,501,501,901,501,901,501,_1,1,1.795478828,4.084736648,901,901,501,501,901,901,501,501,901,901,901,901,901,901,901,901,501,501,901,901,501,501,501,501,901,901,501,501,901,901,501,501
12,12,chatgpto1,2.568414831,901,501,901,501,901,901,901,901,501,901,501,501,901,501,901,501,_1,1,1.795478828,4.084736648,901,901,501,501,901,901,501,501,901,901,901,901,901,901,901,901,501,501,901,901,501,501,501,501,901,901,501,501,901,901,501,501
13,13,chatgpto1,5.012122402,901,501,901,501,901,901,901,901,501,901,501,501,901,501,901,501,_1,1,1.795478828,4.084736648,901,901,501,501,901,901,501,501,901,901,901,901,901,901,901,901,501,501,901,901,501,501,501,501,901,901,501,501,901,901,501,501
14,14,chatgpto1,1.843049393,901,501,901,501,901,901,901,901,501,901,501,501,901,501,901,501,_1,1,1.795478828,4.084736648,901,901,501,501,901,901,501,501,901,901,901,901,901,901,901,901,501,501,901,901,501,501,501,501,901,901,501,501,901,901,501,501
15,15,chatgpto1,4.460213567,901,501,901,501,901,901,901,901,501,901,501,501,901,501,901,501,_1,1,1.795478828,4.084736648,901,901,501,501,901,901,501,501,901,901,901,901,901,901,901,901,501,501,901,901,501,501,501,501,901,901,501,501,901,901,501,501
16,16,chatgpto1,2.773450603,901,501,901,501,901,901,901,901,501,901,501,501,901,501,901,501,_1,1,1.795478828,4.084736648,901,901,501,501,901,901,501,501,901,901,901,901,901,901,901,901,501,501,901,901,501,501,501,501,901,901,501,501,901,901,501,501
17,17,chatgpto1,2.499280906,901,501,901,501,901,901,901,901,501,901,501,501,901,501,901,501,_1,1,1.795478828,4.084736648,901,901,501,501,901,901,501,501,901,901,901,901,901,901,901,901,501,501,901,901,501,501,501,501,901,901,501,501,901,901,501,501
18,18,chatgpto1,1.994712474,901,501,901,501,901,901,901,901,501,901,501,501,901,501,901,501,_1,1,1.795478828,4.084736648,901,901,501,501,901,901,501,501,901,901,901,901,901,901,901,901,501,501,901,901,501,501,501,501,901,901,501,501,901,901,501,501
19,19,chatgpto1,3.539684098,901,501,901,501,901,901,901,901,501,901,501,501,901,501,901,501,_1,1,1.795478828,4.084736648,901,901,501,501,901,901,501,501,901,901,901,901,901,901,901,901,501,501,901,901,501,501,501,501,901,901,501,501,901,901,501,501
20,20,chatgpto1,2.637312706,901,501,901,501,901,901,901,901,501,901,501,501,901,501,901,501,_1,1,1.795478828,4.084736648,901,901,501,501,901,901,501,501,901,901,901,901,901,901,901,901,501,501,901,901,501,501,501,501,901,901,501,501,901,901,501,501
21,21,chatgpto1,1.320404692,901,501,901,501,901,901,901,901,501,901,501,501,901,501,901,501,_1,1,1.795478828,4.084736648,901,901,501,501,901,901,501,501,901,901,901,901,901,901,901,901,501,501,901,901,501,501,501,501,901,901,501,501,901,901,501,501
22,22,chatgpto1,2.568466194,901,501,901,501,901,901,901,901,501,901,501,501,901,501,901,501,_1,1,1.795478828,4.084736648,901,901,501,501,901,901,501,501,901,901,901,901,901,901,901,901,501,501,901,901,501,501,501,501,901,901,501,501,901,901,501,501
23,23,chatgpto1,2.921569076,901,501,901,501,901,901,901,901,501,901,501,501,901,501,901,501,_1,1,1.795478828,4.084736648,901,901,501,501,901,901,501,501,901,901,901,901,901,901,901,901,501,501,901,901,501,501,501,501,901,901,501,501,901,901,501,501
24,24,chatgpto1,2.707956699,901,501,901,501,901,901,901,901,501,901,501,501,901,501,901,501,_1,1,1.795478828,4.084736648,901,901,501,501,901,901,501,501,901,901,901,901,901,901,901,901,501,501,901,901,501,501,501,501,901,901,501,501,901,901,501,501
25,25,chatgpto1,2.921568927,901,501,901,501,901,901,901,901,501,901,501,501,901,501,901,501,_1,1,1.795478828,4.084736648,901,901,501,501,901,901,501,501,901,901,901,901,901,901,901,901,501,501,901,901,501,501,501,501,901,901,501,501,901,901,501,501
26,26,chatgpto1,2.133329374,901,501,901,501,901,901,901,901,501,901,501,501,901,501,901,501,_1,1,1.795478828,4.084736648,901,901,501,501,901,901,501,501,901,901,901,901,901,901,901,901,501,501,901,901,501,501,501,501,901,901,501,501,901,901,501,501
27,27,chatgpto1,2.497078375,901,501,901,501,901,901,901,901,501,901,501,501,901,501,901,501,_1,1,1.795478828,4.084736648,901,901,501,501,901,901,501,501,901,901,901,901,901,901,901,901,501,501,901,901,501,501,501,501,901,901,501,501,901,901,501,501
28,28,chatgpto1,3.355137556,901,501,901,501,901,901,901,901,501,901,501,501,901,501,901,501,_1,1,1.795478828,4.084736648,901,901,501,501,901,901,501,501,901,901,901,901,901,901,901,901,501,501,901,901,501,501,501,501,901,901,501,501,901,901,501,501
29,29,chatgpto1,1.866116357,901,501,901,501,901,901,901,901,501,901,501,501,901,501,901,501,_1,1,1.795478828,4.084736648,901,901,501,501,901,901,501,501,901,901,901,901,901,901,901,901,501,501,901,901,501,501,501,501,901,901,501,501,901,901,501,501
30,30,chatgpto1,1.933306162,901,501,901,501,901,901,901,901,501,901,501,501,901,501,901,501,_1,1,1.795478828,4.084736648,901,901,501,501,901,901,501,501,901,901,901,901,901,901,901,901,501,501,901,901,501,501,501,501,901,901,501,501,901,901,501,501
31,31,chatgpto1,2.106167757,901,501,901,501,901,901,901,901,501,901,501,501,901,501,901,501,_1,1,1.795478828,4.084736648,901,901,501,501,901,901,501,501,901,901,901,901,901,901,901,901,501,501,901,901,501,501,501,501,901,901,501,501,901,901,501,501
32,32,chatgpto1,3.587556913,901,501,901,501,901,901,901,901,501,901,501,501,901,501,901,501,_1,1,1.795478828,4.084736648,901,901,501,501,901,901,501,501,901,901,901,901,901,901,901,901,501,501,901,901,501,501,501,501,901,901,501,501,901,901,501,501
33,33,chatgpto1,2.057438208,901,501,901,501,901,901,901,901,501,901,501,501,901,501,901,501,_1,1,1.795478828,4.084736648,901,901,501,501,901,901,501,501,901,901,901,901,901,901,901,901,501,501,901,901,501,501,501,501,901,901,501,501,901,901,501,501
34,34,chatgpto1,2.921570044,901,501,901,501,901,901,901,901,501,901,501,501,901,501,901,501,_1,1,1.795478828,4.084736648,901,901,501,501,901,901,501,501,901,901,901,901,901,901,901,901,501,501,901,901,501,501,501,501,901,901,501,501,901,901,501,501
35,35,chatgpto1,3.458758272,901,501,901,501,901,901,901,901,501,901,501,501,901,501,901,501,_1,1,1.795478828,4.084736648,901,901,501,501,901,901,501,501,901,901,901,901,901,901,901,901,501,501,901,901,501,501,501,501,901,901,501,501,901,901,501,501
36,36,chatgpto1,2.909085627,901,501,901,501,901,901,901,901,501,901,501,501,901,501,901,501,_1,1,1.795478828,4.084736648,901,901,501,501,901,901,501,501,901,901,901,901,901,901,901,901,501,501,901,901,501,501,501,501,901,901,501,501,901,901,501,501
37,37,chatgpto1,3.50796863,901,501,901,501,901,901,901,901,501,901,501,501,901,501,901,501,_1,1,1.795478828,4.084736648,901,901,501,501,901,901,501,501,901,901,901,901,901,901,901,901,501,501,901,901,501,501,501,501,901,901,501,501,901,901,501,501
38,38,chatgpto1,2.13432762,901,501,901,501,901,901,901,901,501,901,501,501,901,501,901,501,_1,1,1.795478828,4.084736648,901,901,501,501,901,901,501,501,901,901,901,901,901,901,901,901,501,501,901,901,501,501,501,501,901,901,501,501,901,901,501,501
39,39,chatgpto1,3.432027489,901,501,901,501,901,901,901,901,501,901,501,501,901,501,901,501,_1,1,1.795478828,4.084736648,901,901,501,501,901,901,501,501,901,901,901,901,901,901,901,901,501,501,901,901,501,501,501,501,901,901,501,501,901,901,501,501
40,40,chatgpto1,2.709219181,901,501,901,501,901,901,901,901,501,901,501,501,901,501,901,501,_1,1,1.795478828,4.084736648,901,901,501,501,901,901,501,501,901,901,901,901,901,901,901,901,501,501,901,901,501,501,501,501,901,901,501,501,901,901,501,501
41,41,chatgpto1,2.865592209,901,501,901,501,901,901,901,901,501,901,501,501,901,501,901,501,_1,1,1.795478828,4.084736648,901,901,501,501,901,901,501,501,901,901,901,901,901,901,901,901,501,501,901,901,501,501,501,501,901,901,501,501,901,901,501,501
42,42,chatgpto1,2.033957216,901,501,901,501,901,901,901,901,501,901,501,501,901,501,901,501,_1,1,1.795478828,4.084736648,901,901,501,501,901,901,501,501,901,901,901,901,901,901,901,901,501,501,901,901,501,501,501,501,901,901,501,501,901,901,501,501
43,43,chatgpto1,3.916822662,901,501,901,501,901,901,901,901,501,901,501,501,901,501,901,501,_1,1,1.795478828,4.084736648,901,901,501,501,901,901,501,501,901,901,901,901,901,901,901,901,501,501,901,901,501,501,501,501,901,901,501,501,901,901,501,501
44,44,chatgpto1,3.910145952,901,501,901,501,901,901,901,901,501,901,501,501,901,501,901,501,_1,1,1.795478828,4.084736648,901,901,501,501,901,901,501,501,901,901,901,901,901,901,901,901,501,501,901,901,501,501,501,501,901,901,501,501,901,901,501,501
45,45,chatgpto1,4.245878702,901,501,901,501,901,901,901,901,501,901,501,501,901,501,901,501,_1,1,1.795478828,4.084736648,901,901,501,501,901,901,501,501,901,901,901,901,901,901,901,901,501,501,901,901,501,501,501,501,901,901,501,501,901,901,501,501
46,46,chatgpto1,2.134419904,901,501,901,501,901,901,901,901,501,901,501,501,901,501,901,501,_1,1,1.795478828,4.084736648,901,901,501,501,901,901,501,501,901,901,901,901,901,901,901,901,501,501,901,901,501,501,501,501,901,901,501,501,901,901,501,501
47,47,chatgpto1,2.565313425,901,501,901,501,901,901,901,901,501,901,501,501,901,501,901,501,_1,1,1.795478828,4.084736648,901,901,501,501,901,901,501,501,901,901,901,901,901,901,901,901,501,501,901,901,501,501,501,501,901,901,501,501,901,901,501,501
48,48,chatgpto1,3.067444069,901,501,901,501,901,901,901,901,501,901,501,501,901,501,901,501,_1,1,1.795478828,4.084736648,901,901,501,501,901,901,501,501,901,901,901,901,901,901,901,901,501,501,901,901,501,501,501,501,901,901,501,501,901,901,501,501
49,49,chatgpto1,2.017561145,901,501,901,501,901,901,901,901,501,901,501,501,901,501,901,501,_1,1,1.795478828,4.084736648,901,901,501,501,901,901,501,501,901,901,901,901,901,901,901,901,501,501,901,901,501,501,501,501,901,901,501,501,901,901,501,501
50,50,chatgpto1,2.695764099,901,501,901,501,901,901,901,901,501,901,501,501,901,501,901,501,_1,1,1.795478828,4.084736648,901,901,501,501,901,901,501,501,901,901,901,901,901,901,901,901,501,501,901,901,501,501,501,501,901,901,501,501,901,901,501,501
51,51,chatgpto1,3.753335841,901,501,901,501,901,901,901,901,501,901,501,501,901,501,901,501,_1,1,1.795478828,4.084736648,901,901,501,501,901,901,501,501,901,901,901,901,901,901,901,901,501,501,901,901,501,501,501,501,901,901,501,501,901,901,501,501
52,52,chatgpto1,3.561246827,901,501,901,501,901,901,901,901,501,901,501,501,901,501,901,501,_1,1,1.795478828,4.084736648,901,901,501,501,901,901,501,501,901,901,901,901,901,901,901,901,501,501,901,901,501,501,501,501,901,901,501,501,901,901,501,501
53,53,chatgpto1,3.833778625,901,501,901,501,901,901,901,901,501,901,501,501,901,501,901,501,_1,1,1.795478828,4.084736648,901,901,501,501,901,901,501,501,901,901,901,901,901,901,901,901,501,501,901,901,501,501,501,501,901,901,501,501,901,901,501,501
54,54,chatgpto1,3.129799018,901,501,901,501,901,901,901,901,501,901,501,501,901,501,901,501,_1,1,1.795478828,4.084736648,901,901,501,501,901,901,501,501,901,901,901,901,901,901,901,901,501,501,901,901,501,501,501,501,901,901,501,501,901,901,501,501
55,55,chatgpto1,4.533476826,901,501,901,501,901,901,901,901,501,901,501,501,901,501,901,501,_1,1,1.795478828,4.084736648,901,901,501,501,901,901,501,501,901,901,901,901,901,901,901,901,501,501,901,901,501,501,501,501,901,901,501,501,901,901,501,501
56,56,chatgpto1,2.921569503,901,501,901,501,901,901,901,901,501,901,501,501,901,501,901,501,_1,1,1.795478828,4.084736648,901,901,501,501,901,901,501,501,901,901,901,901,901,901,901,901,501,501,901,901,501,501,501,501,901,901,501,501,901,901,501,501
57,57,chatgpto1,2.354632602,901,501,901,501,901,901,901,901,501,901,501,501,901,501,901,501,_1,1,1.795478828,4.084736648,901,901,501,501,901,901,501,501,901,901,901,901,901,901,901,901,501,501,901,901,501,501,501,501,901,901,501,501,901,901,501,501
58,58,chatgpto1,3.310244438,901,501,901,501,901,901,901,901,501,901,501,501,901,501,901,501,_1,1,1.795478828,4.084736648,901,901,501,501,901,901,501,501,901,901,901,901,901,901,901,901,501,501,901,901,501,501,501,501,901,901,501,501,901,901,501,501
59,59,chatgpto1,2.230769126,901,501,901,501,901,901,901,901,501,901,501,501,901,501,901,501,_1,1,1.795478828,4.084736648,901,901,501,501,901,901,501,501,901,901,901,901,901,901,901,901,501,501,901,901,501,501,501,501,901,901,501,501,901,901,501,501
60,60,chatgpto1,1.703886999,901,501,901,501,901,901,901,901,501,901,501,501,901,501,901,501,_1,1,1.795478828,4.084736648,901,901,501,501,901,901,501,501,901,901,901,901,901,901,901,901,501,501,901,901,501,501,501,501,901,901,501,501,901,901,501,501
61,61,chatgpto1,3.833748477,901,501,901,501,901,901,901,901,501,901,501,501,901,501,901,501,_1,1,1.795478828,4.084736648,901,901,501,501,901,901,501,501,901,901,901,901,901,901,901,901,501,501,901,901,501,501,501,501,901,901,501,501,901,901,501,501
62,62,chatgpto1,2.879025916,901,501,901,501,901,901,901,901,501,901,501,501,901,501,901,501,_1,1,1.795478828,4.084736648,901,901,501,501,901,901,501,501,901,901,901,901,901,901,901,901,501,501,901,901,501,501,501,501,901,901,501,501,901,901,501,501
63,63,chatgpto1,2.982553272,901,501,901,501,901,901,901,901,501,901,501,501,901,501,901,501,_1,1,1.795478828,4.084736648,901,901,501,501,901,901,501,501,901,901,901,901,901,901,901,901,501,501,901,901,501,501,501,501,901,901,501,501,901,901,501,501
64,64,chatgpto1,2.310272349,901,501,901,501,901,901,901,901,501,901,501,501,901,501,901,501,_1,1,1.795478828,4.084736648,901,901,501,501,901,901,501,501,901,901,901,901,901,901,901,901,501,501,901,901,501,501,501,501,901,901,501,501,901,901,501,501
65,65,chatgpto1,2.852698752,901,501,901,501,901,901,901,901,501,901,501,501,901,501,901,501,_1,1,1.795478828,4.084736648,901,901,501,501,901,901,501,501,901,901,901,901,901,901,901,901,501,501,901,901,501,501,501,501,901,901,501,501,901,901,501,501
66,66,chatgpto1,2.176284927,901,501,901,501,901,901,901,901,501,901,501,501,901,501,901,501,_1,1,1.795478828,4.084736648,901,901,501,501,901,901,501,501,901,901,901,901,901,901,901,901,501,501,901,901,501,501,501,501,901,901,501,501,901,901,501,501
67,67,chatgpto1,2.986257216,901,501,901,501,901,901,901,901,501,901,501,501,901,501,901,501,_1,1,1.795478828,4.084736648,901,901,501,501,901,901,501,501,901,901,901,901,901,901,901,901,501,501,901,901,501,501,501,501,901,901,501,501,901,901,501,501
68,68,chatgpto1,2.421997234,901,501,901,501,901,901,901,901,501,901,501,501,901,501,901,501,_1,1,1.795478828,4.084736648,901,901,501,501,901,901,501,501,901,901,901,901,901,901,901,901,501,501,901,901,501,501,501,501,901,901,501,501,901,901,501,501
69,69,chatgpto1,2.37620558,901,501,901,501,901,901,901,901,501,901,501,501,901,501,901,501,_1,1,1.795478828,4.084736648,901,901,501,501,901,901,501,501,901,901,901,901,901,901,901,901,501,501,901,901,501,501,501,501,901,901,501,501,901,901,501,501
70,70,chatgpto1,2.715168467,901,501,901,501,901,901,901,901,501,901,501,501,901,501,901,501,_1,1,1.795478828,4.084736648,901,901,501,501,901,901,501,501,901,901,901,901,901,901,901,901,501,501,901,901,501,501,501,501,901,901,501,501,901,901,501,501
71,71,chatgpto1,2.711025224,901,501,901,501,901,901,901,901,501,901,501,501,901,501,901,501,_1,1,1.795478828,4.084736648,901,901,501,501,901,901,501,501,901,901,901,901,901,901,901,901,501,501,901,901,501,501,501,501,901,901,501,501,901,901,501,501
72,72,chatgpto1,1.720477465,901,501,901,501,901,901,901,901,501,901,501,501,901,501,901,501,_1,1,1.795478828,4.084736648,901,901,501,501,901,901,501,501,901,901,901,901,901,901,901,901,501,501,901,901,501,501,501,501,901,901,501,501,901,901,501,501
73,73,chatgpto1,2.230768784,901,501,901,501,901,901,901,901,501,901,501,501,901,501,901,501,_1,1,1.795478828,4.084736648,901,901,501,501,901,901,501,501,901,901,901,901,901,901,901,901,501,501,901,901,501,501,501,501,901,901,501,501,901,901,501,501
74,74,chatgpto1,4.381162667,901,501,901,501,901,901,901,901,501,901,501,501,901,501,901,501,_1,1,1.795478828,4.084736648,901,901,501,501,901,901,501,501,901,901,901,901,901,901,901,901,501,501,901,901,501,501,501,501,901,901,501,501,901,901,501,501
75,75,chatgpto1,3.132583305,901,501,901,501,901,901,901,901,501,901,501,501,901,501,901,501,_1,1,1.795478828,4.084736648,901,901,501,501,901,901,501,501,901,901,901,901,901,901,901,901,501,501,901,901,501,501,501,501,901,901,501,501,901,901,501,501
76,76,chatgpto1,3.434644949,901,501,901,501,901,901,901,901,501,901,501,501,901,501,901,501,_1,1,1.795478828,4.084736648,901,901,501,501,901,901,501,501,901,901,901,901,901,901,901,901,501,501,901,901,501,501,501,501,901,901,501,501,901,901,501,501
77,77,chatgpto1,1.932148782,901,501,901,501,901,901,901,901,501,901,501,501,901,501,901,501,_1,1,1.795478828,4.084736648,901,901,501,501,901,901,501,501,901,901,901,901,901,901,901,901,501,501,901,901,501,501,501,501,901,901,501,501,901,901,501,501
78,78,chatgpto1,4.277798796,901,501,901,501,901,901,901,901,501,901,501,501,901,501,901,501,_1,1,1.795478828,4.084736648,901,901,501,501,901,901,501,501,901,901,901,901,901,901,901,901,501,501,901,901,501,501,501,501,901,901,501,501,901,901,501,501
79,79,chatgpto1,2.488305409,901,501,901,501,901,901,901,901,501,901,501,501,901,501,901,501,_1,1,1.795478828,4.084736648,901,901,501,501,901,901,501,501,901,901,901,901,901,901,901,901,501,501,901,901,501,501,501,501,901,901,501,501,901,901,501,501
80,80,chatgpto1,2.582064358,901,501,901,501,901,901,901,901,501,901,501,501,901,501,901,501,_1,1,1.795478828,4.084736648,901,901,501,501,901,901,501,501,901,901,901,901,901,901,901,901,501,501,901,901,501,501,501,501,901,901,501,501,901,901,501,501
81,81,chatgpto1,2.991033023,901,501,901,501,901,901,901,901,501,901,501,501,901,501,901,501,_1,1,1.795478828,4.084736648,901,901,501,501,901,901,501,501,901,901,901,901,901,901,901,901,501,501,901,901,501,501,501,501,901,901,501,501,901,901,501,501
82,82,chatgpto1,1.225196651,901,501,901,501,901,901,901,901,501,901,501,501,901,501,901,501,_1,1,1.795478828,4.084736648,901,901,501,501,901,901,501,501,901,901,901,901,901,901,901,901,501,501,901,901,501,501,501,501,901,901,501,501,901,901,501,501
83,83,chatgpto1,2.77034451,901,501,901,501,901,901,901,901,501,901,501,501,901,501,901,501,_1,1,1.795478828,4.084736648,901,901,501,501,901,901,501,501,901,901,901,901,901,901,901,901,501,501,901,901,501,501,501,501,901,901,501,501,901,901,501,501
84,84,chatgpto1,2.15536678,901,501,901,501,901,901,901,901,501,901,501,501,901,501,901,501,_1,1,1.795478828,4.084736648,901,901,501,501,901,901,501,501,901,901,901,901,901,901,901,901,501,501,901,901,501,501,501,501,901,901,501,501,901,901,501,501
85,85,chatgpto1,3.059808873,901,501,901,501,901,901,901,901,501,901,501,501,901,501,901,501,_1,1,1.795478828,4.084736648,901,901,501,501,901,901,501,501,901,901,901,901,901,901,901,901,501,501,901,901,501,501,501,501,901,901,501,501,901,901,501,501
86,86,chatgpto1,2.771490962,901,501,901,501,901,901,901,901,501,901,501,501,901,501,901,501,_1,1,1.795478828,4.084736648,901,901,501,501,901,901,501,501,901,901,901,901,901,901,901,901,501,501,901,901,501,501,501,501,901,901,501,501,901,901,501,501
87,87,chatgpto1,3.834147244,901,501,901,501,901,901,901,901,501,901,501,501,901,501,901,501,_1,1,1.795478828,4.084736648,901,901,501,501,901,901,501,501,901,901,901,901,901,901,901,901,501,501,901,901,501,501,501,501,901,901,501,501,901,901,501,501
88,88,chatgpto1,2.998039131,901,501,901,501,901,901,901,901,501,901,501,501,901,501,901,501,_1,1,1.795478828,4.084736648,901,901,501,501,901,901,501,501,901,901,901,901,901,901,901,901,501,501,901,901,501,501,501,501,901,901,501,501,901,901,501,501
89,89,chatgpto1,1.764027032,901,501,901,501,901,901,901,901,501,901,501,501,901,501,901,501,_1,1,1.795478828,4.084736648,901,901,501,501,901,901,501,501,901,901,901,901,901,901,901,901,501,501,901,901,501,501,501,501,901,901,501,501,901,901,501,501
90,90,chatgpto1,2.636365167,901,501,901,501,901,901,901,901,501,901,501,501,901,501,901,501,_1,1,1.795478828,4.084736648,901,901,501,501,901,901,501,501,901,901,901,901,901,901,901,901,501,501,901,901,501,501,501,501,901,901,501,501,901,901,501,501
91,91,chatgpto1,2.447313353,901,501,901,501,901,901,901,901,501,901,501,501,901,501,901,501,_1,1,1.795478828,4.084736648,901,901,501,501,901,901,501,501,901,901,901,901,901,901,901,901,501,501,901,901,501,501,501,501,901,901,501,501,901,901,501,501
92,92,chatgpto1,3.835016095,901,501,901,501,901,901,901,901,501,901,501,501,901,501,901,501,_1,1,1.795478828,4.084736648,901,901,501,501,901,901,501,501,901,901,901,901,901,901,901,901,501,501,901,901,501,501,501,501,901,901,501,501,901,901,501,501
93,93,chatgpto1,1.741257596,901,501,901,501,901,901,901,901,501,901,501,501,901,501,901,501,_1,1,1.795478828,4.084736648,901,901,501,501,901,901,501,501,901,901,901,901,901,901,901,901,501,501,901,901,501,501,501,501,901,901,501,501,901,901,501,501
94,94,chatgpto1,2.909312362,901,501,901,501,901,901,901,901,501,901,501,501,901,501,901,501,_1,1,1.795478828,4.084736648,901,901,501,501,901,901,501,501,901,901,901,901,901,901,901,901,501,501,901,901,501,501,501,501,901,901,501,501,901,901,501,501
95,95,chatgpto1,2.291535264,901,501,901,501,901,901,901,901,501,901,501,501,901,501,901,501,_1,1,1.795478828,4.084736648,901,901,501,501,901,901,501,501,901,901,901,901,901,901,901,901,501,501,901,901,501,501,501,501,901,901,501,501,901,901,501,501
96,96,chatgpto1,2.269234721,901,501,901,501,901,901,901,901,501,901,501,501,901,501,901,501,_1,1,1.795478828,4.084736648,901,901,501,501,901,901,501,501,901,901,901,901,901,901,901,901,501,501,901,901,501,501,501,501,901,901,501,501,901,901,501,501
97,97,chatgpto1,2.737391072,901,501,901,501,901,901,901,901,501,901,501,501,901,501,901,501,_1,1,1.795478828,4.084736648,901,901,501,501,901,901,501,501,901,901,901,901,901,901,901,901,501,501,901,901,501,501,501,501,901,901,501,501,901,901,501,501
98,98,chatgpto1,1.997674174,901,501,901,501,901,901,901,901,501,901,501,501,901,501,901,501,_1,1,1.795478828,4.084736648,901,901,501,501,901,901,501,501,901,901,901,901,901,901,901,901,501,501,901,901,501,501,501,501,901,901,501,501,901,901,501,501
99,99,chatgpto1,2.774818231,901,501,901,501,901,901,901,901,501,901,501,501,901,501,901,501,_1,1,1.795478828,4.084736648,901,901,501,501,901,901,501,501,901,901,901,901,901,901,901,901,501,501,901,901,501,501,501,501,901,901,501,501,901,901,501,501
100,100,chatgpto1,3.058138658,901,501,901,501,901,901,901,901,501,901,501,501,901,501,901,501,_1,1,1.795478828,4.084736648,901,901,501,501,901,901,501,501,901,901,901,901,901,901,901,901,501,501,901,901,501,501,501,501,901,901,501,501,901,901,501,501
1,1,claude3,1.030355328,901,501,901,501,901,901,901,901,501,901,501,501,901,501,901,501,_0.5,0.5,1.31E-15,1.431863064,901,901,501,501,901,901,501,501,901,901,901,901,901,901,901,901,501,501,901,901,501,501,501,501,901,901,501,501,901,901,501,501
2,2,claude3,1.103560275,901,501,901,501,901,901,901,901,501,901,501,501,901,501,901,501,_0.5,0.5,1.31E-15,1.431863064,901,901,501,501,901,901,501,501,901,901,901,901,901,901,901,901,501,501,901,901,501,501,501,501,901,901,501,501,901,901,501,501
3,3,claude3,1.158590968,901,501,901,501,901,901,901,901,501,901,501,501,901,501,901,501,_0.5,0.5,1.31E-15,1.431863064,901,901,501,501,901,901,501,501,901,901,901,901,901,901,901,901,501,501,901,901,501,501,501,501,901,901,501,501,901,901,501,501
4,4,claude3,0.806405979,901,501,901,501,901,901,901,901,501,901,501,501,901,501,901,501,_0.5,0.5,1.31E-15,1.431863064,901,901,501,501,901,901,501,501,901,901,901,901,901,901,901,901,501,501,901,901,501,501,501,501,901,901,501,501,901,901,501,501
5,5,claude3,1.416057696,901,501,901,501,901,901,901,901,501,901,501,501,901,501,901,501,_0.5,0.5,1.31E-15,1.431863064,901,901,501,501,901,901,501,501,901,901,901,901,901,901,901,901,501,501,901,901,501,501,501,501,901,901,501,501,901,901,501,501
6,6,claude3,1.189254862,901,501,901,501,901,901,901,901,501,901,501,501,901,501,901,501,_0.5,0.5,1.31E-15,1.431863064,901,901,501,501,901,901,501,501,901,901,901,901,901,901,901,901,501,501,901,901,501,501,501,501,901,901,501,501,901,901,501,501
7,7,claude3,9.25E-16,901,501,901,501,901,901,901,901,501,901,501,501,901,501,901,501,_0.5,0.5,1.31E-15,1.431863064,901,901,501,501,901,901,501,501,901,901,901,901,901,901,901,901,501,501,901,901,501,501,501,501,901,901,501,501,901,901,501,501
8,8,claude3,2.20E-14,901,501,901,501,901,901,901,901,501,901,501,501,901,501,901,501,_0.5,0.5,1.31E-15,1.431863064,901,901,501,501,901,901,501,501,901,901,901,901,901,901,901,901,501,501,901,901,501,501,501,501,901,901,501,501,901,901,501,501
9,9,claude3,0.841803508,901,501,901,501,901,901,901,901,501,901,501,501,901,501,901,501,_0.5,0.5,1.31E-15,1.431863064,901,901,501,501,901,901,501,501,901,901,901,901,901,901,901,901,501,501,901,901,501,501,501,501,901,901,501,501,901,901,501,501
10,10,claude3,7.71E-15,901,501,901,501,901,901,901,901,501,901,501,501,901,501,901,501,_0.5,0.5,1.31E-15,1.431863064,901,901,501,501,901,901,501,501,901,901,901,901,901,901,901,901,501,501,901,901,501,501,501,501,901,901,501,501,901,901,501,501
11,11,claude3,1.033195414,901,501,901,501,901,901,901,901,501,901,501,501,901,501,901,501,_0.5,0.5,1.31E-15,1.431863064,901,901,501,501,901,901,501,501,901,901,901,901,901,901,901,901,501,501,901,901,501,501,501,501,901,901,501,501,901,901,501,501
12,12,claude3,7.81E-15,901,501,901,501,901,901,901,901,501,901,501,501,901,501,901,501,_0.5,0.5,1.31E-15,1.431863064,901,901,501,501,901,901,501,501,901,901,901,901,901,901,901,901,501,501,901,901,501,501,501,501,901,901,501,501,901,901,501,501
13,13,claude3,0.335745463,901,501,901,501,901,901,901,901,501,901,501,501,901,501,901,501,_0.5,0.5,1.31E-15,1.431863064,901,901,501,501,901,901,501,501,901,901,901,901,901,901,901,901,501,501,901,901,501,501,501,501,901,901,501,501,901,901,501,501
14,14,claude3,1.90858743,901,501,901,501,901,901,901,901,501,901,501,501,901,501,901,501,_0.5,0.5,1.31E-15,1.431863064,901,901,501,501,901,901,501,501,901,901,901,901,901,901,901,901,501,501,901,901,501,501,501,501,901,901,501,501,901,901,501,501
15,15,claude3,0.349861703,901,501,901,501,901,901,901,901,501,901,501,501,901,501,901,501,_0.5,0.5,1.31E-15,1.431863064,901,901,501,501,901,901,501,501,901,901,901,901,901,901,901,901,501,501,901,901,501,501,501,501,901,901,501,501,901,901,501,501
16,16,claude3,4.56E-14,901,501,901,501,901,901,901,901,501,901,501,501,901,501,901,501,_0.5,0.5,1.31E-15,1.431863064,901,901,501,501,901,901,501,501,901,901,901,901,901,901,901,901,501,501,901,901,501,501,501,501,901,901,501,501,901,901,501,501
17,17,claude3,0.493158074,901,501,901,501,901,901,901,901,501,901,501,501,901,501,901,501,_0.5,0.5,1.31E-15,1.431863064,901,901,501,501,901,901,501,501,901,901,901,901,901,901,901,901,501,501,901,901,501,501,501,501,901,901,501,501,901,901,501,501
18,18,claude3,0.635390149,901,501,901,501,901,901,901,901,501,901,501,501,901,501,901,501,_0.5,0.5,1.31E-15,1.431863064,901,901,501,501,901,901,501,501,901,901,901,901,901,901,901,901,501,501,901,901,501,501,501,501,901,901,501,501,901,901,501,501
19,19,claude3,0.969849514,901,501,901,501,901,901,901,901,501,901,501,501,901,501,901,501,_0.5,0.5,1.31E-15,1.431863064,901,901,501,501,901,901,501,501,901,901,901,901,901,901,901,901,501,501,901,901,501,501,501,501,901,901,501,501,901,901,501,501
20,20,claude3,1.085383496,901,501,901,501,901,901,901,901,501,901,501,501,901,501,901,501,_0.5,0.5,1.31E-15,1.431863064,901,901,501,501,901,901,501,501,901,901,901,901,901,901,901,901,501,501,901,901,501,501,501,501,901,901,501,501,901,901,501,501
21,21,claude3,2.86E-15,901,501,901,501,901,901,901,901,501,901,501,501,901,501,901,501,_0.5,0.5,1.31E-15,1.431863064,901,901,501,501,901,901,501,501,901,901,901,901,901,901,901,901,501,501,901,901,501,501,501,501,901,901,501,501,901,901,501,501
22,22,claude3,5.08E-16,901,501,901,501,901,901,901,901,501,901,501,501,901,501,901,501,_0.5,0.5,1.31E-15,1.431863064,901,901,501,501,901,901,501,501,901,901,901,901,901,901,901,901,501,501,901,901,501,501,501,501,901,901,501,501,901,901,501,501
23,23,claude3,1.20E-12,901,501,901,501,901,901,901,901,501,901,501,501,901,501,901,501,_0.5,0.5,1.31E-15,1.431863064,901,901,501,501,901,901,501,501,901,901,901,901,901,901,901,901,501,501,901,901,501,501,501,501,901,901,501,501,901,901,501,501
24,24,claude3,0.659222476,901,501,901,501,901,901,901,901,501,901,501,501,901,501,901,501,_0.5,0.5,1.31E-15,1.431863064,901,901,501,501,901,901,501,501,901,901,901,901,901,901,901,901,501,501,901,901,501,501,501,501,901,901,501,501,901,901,501,501
25,25,claude3,1.258066784,901,501,901,501,901,901,901,901,501,901,501,501,901,501,901,501,_0.5,0.5,1.31E-15,1.431863064,901,901,501,501,901,901,501,501,901,901,901,901,901,901,901,901,501,501,901,901,501,501,501,501,901,901,501,501,901,901,501,501
26,26,claude3,0.923576744,901,501,901,501,901,901,901,901,501,901,501,501,901,501,901,501,_0.5,0.5,1.31E-15,1.431863064,901,901,501,501,901,901,501,501,901,901,901,901,901,901,901,901,501,501,901,901,501,501,501,501,901,901,501,501,901,901,501,501
27,27,claude3,0.912568298,901,501,901,501,901,901,901,901,501,901,501,501,901,501,901,501,_0.5,0.5,1.31E-15,1.431863064,901,901,501,501,901,901,501,501,901,901,901,901,901,901,901,901,501,501,901,901,501,501,501,501,901,901,501,501,901,901,501,501
28,28,claude3,0.599996686,901,501,901,501,901,901,901,901,501,901,501,501,901,501,901,501,_0.5,0.5,1.31E-15,1.431863064,901,901,501,501,901,901,501,501,901,901,901,901,901,901,901,901,501,501,901,901,501,501,501,501,901,901,501,501,901,901,501,501
29,29,claude3,1.18E-09,901,501,901,501,901,901,901,901,501,901,501,501,901,501,901,501,_0.5,0.5,1.31E-15,1.431863064,901,901,501,501,901,901,501,501,901,901,901,901,901,901,901,901,501,501,901,901,501,501,501,501,901,901,501,501,901,901,501,501
30,30,claude3,0.342465706,901,501,901,501,901,901,901,901,501,901,501,501,901,501,901,501,_0.5,0.5,1.31E-15,1.431863064,901,901,501,501,901,901,501,501,901,901,901,901,901,901,901,901,501,501,901,901,501,501,501,501,901,901,501,501,901,901,501,501
31,31,claude3,3.85E-12,901,501,901,501,901,901,901,901,501,901,501,501,901,501,901,501,_0.5,0.5,1.31E-15,1.431863064,901,901,501,501,901,901,501,501,901,901,901,901,901,901,901,901,501,501,901,901,501,501,501,501,901,901,501,501,901,901,501,501
32,32,claude3,2.00E-16,901,501,901,501,901,901,901,901,501,901,501,501,901,501,901,501,_0.5,0.5,1.31E-15,1.431863064,901,901,501,501,901,901,501,501,901,901,901,901,901,901,901,901,501,501,901,901,501,501,501,501,901,901,501,501,901,901,501,501
33,33,claude3,0.587044133,901,501,901,501,901,901,901,901,501,901,501,501,901,501,901,501,_0.5,0.5,1.31E-15,1.431863064,901,901,501,501,901,901,501,501,901,901,901,901,901,901,901,901,501,501,901,901,501,501,501,501,901,901,501,501,901,901,501,501
34,34,claude3,1.024973286,901,501,901,501,901,901,901,901,501,901,501,501,901,501,901,501,_0.5,0.5,1.31E-15,1.431863064,901,901,501,501,901,901,501,501,901,901,901,901,901,901,901,901,501,501,901,901,501,501,501,501,901,901,501,501,901,901,501,501
35,35,claude3,0.560244456,901,501,901,501,901,901,901,901,501,901,501,501,901,501,901,501,_0.5,0.5,1.31E-15,1.431863064,901,901,501,501,901,901,501,501,901,901,901,901,901,901,901,901,501,501,901,901,501,501,501,501,901,901,501,501,901,901,501,501
36,36,claude3,7.47E-15,901,501,901,501,901,901,901,901,501,901,501,501,901,501,901,501,_0.5,0.5,1.31E-15,1.431863064,901,901,501,501,901,901,501,501,901,901,901,901,901,901,901,901,501,501,901,901,501,501,501,501,901,901,501,501,901,901,501,501
37,37,claude3,0.282051306,901,501,901,501,901,901,901,901,501,901,501,501,901,501,901,501,_0.5,0.5,1.31E-15,1.431863064,901,901,501,501,901,901,501,501,901,901,901,901,901,901,901,901,501,501,901,901,501,501,501,501,901,901,501,501,901,901,501,501
38,38,claude3,1.74E-13,901,501,901,501,901,901,901,901,501,901,501,501,901,501,901,501,_0.5,0.5,1.31E-15,1.431863064,901,901,501,501,901,901,501,501,901,901,901,901,901,901,901,901,501,501,901,901,501,501,501,501,901,901,501,501,901,901,501,501
39,39,claude3,1.291864178,901,501,901,501,901,901,901,901,501,901,501,501,901,501,901,501,_0.5,0.5,1.31E-15,1.431863064,901,901,501,501,901,901,501,501,901,901,901,901,901,901,901,901,501,501,901,901,501,501,501,501,901,901,501,501,901,901,501,501
40,40,claude3,0.502890607,901,501,901,501,901,901,901,901,501,901,501,501,901,501,901,501,_0.5,0.5,1.31E-15,1.431863064,901,901,501,501,901,901,501,501,901,901,901,901,901,901,901,901,501,501,901,901,501,501,501,501,901,901,501,501,901,901,501,501
41,41,claude3,1.258064523,901,501,901,501,901,901,901,901,501,901,501,501,901,501,901,501,_0.5,0.5,1.31E-15,1.431863064,901,901,501,501,901,901,501,501,901,901,901,901,901,901,901,901,501,501,901,901,501,501,501,501,901,901,501,501,901,901,501,501
42,42,claude3,1.258064804,901,501,901,501,901,901,901,901,501,901,501,501,901,501,901,501,_0.5,0.5,1.31E-15,1.431863064,901,901,501,501,901,901,501,501,901,901,901,901,901,901,901,901,501,501,901,901,501,501,501,501,901,901,501,501,901,901,501,501
43,43,claude3,0.019256369,901,501,901,501,901,901,901,901,501,901,501,501,901,501,901,501,_0.5,0.5,1.31E-15,1.431863064,901,901,501,501,901,901,501,501,901,901,901,901,901,901,901,901,501,501,901,901,501,501,501,501,901,901,501,501,901,901,501,501
44,44,claude3,0.313672684,901,501,901,501,901,901,901,901,501,901,501,501,901,501,901,501,_0.5,0.5,1.31E-15,1.431863064,901,901,501,501,901,901,501,501,901,901,901,901,901,901,901,901,501,501,901,901,501,501,501,501,901,901,501,501,901,901,501,501
45,45,claude3,1.26194726,901,501,901,501,901,901,901,901,501,901,501,501,901,501,901,501,_0.5,0.5,1.31E-15,1.431863064,901,901,501,501,901,901,501,501,901,901,901,901,901,901,901,901,501,501,901,901,501,501,501,501,901,901,501,501,901,901,501,501
46,46,claude3,1.258064952,901,501,901,501,901,901,901,901,501,901,501,501,901,501,901,501,_0.5,0.5,1.31E-15,1.431863064,901,901,501,501,901,901,501,501,901,901,901,901,901,901,901,901,501,501,901,901,501,501,501,501,901,901,501,501,901,901,501,501
47,47,claude3,1.164949025,901,501,901,501,901,901,901,901,501,901,501,501,901,501,901,501,_0.5,0.5,1.31E-15,1.431863064,901,901,501,501,901,901,501,501,901,901,901,901,901,901,901,901,501,501,901,901,501,501,501,501,901,901,501,501,901,901,501,501
48,48,claude3,1.414272677,901,501,901,501,901,901,901,901,501,901,501,501,901,501,901,501,_0.5,0.5,1.31E-15,1.431863064,901,901,501,501,901,901,501,501,901,901,901,901,901,901,901,901,501,501,901,901,501,501,501,501,901,901,501,501,901,901,501,501
49,49,claude3,1.3206739,901,501,901,501,901,901,901,901,501,901,501,501,901,501,901,501,_0.5,0.5,1.31E-15,1.431863064,901,901,501,501,901,901,501,501,901,901,901,901,901,901,901,901,501,501,901,901,501,501,501,501,901,901,501,501,901,901,501,501
50,50,claude3,0.940849774,901,501,901,501,901,901,901,901,501,901,501,501,901,501,901,501,_0.5,0.5,1.31E-15,1.431863064,901,901,501,501,901,901,501,501,901,901,901,901,901,901,901,901,501,501,901,901,501,501,501,501,901,901,501,501,901,901,501,501
51,51,claude3,1.070470391,901,501,901,501,901,901,901,901,501,901,501,501,901,501,901,501,_0.5,0.5,1.31E-15,1.431863064,901,901,501,501,901,901,501,501,901,901,901,901,901,901,901,901,501,501,901,901,501,501,501,501,901,901,501,501,901,901,501,501
52,52,claude3,0.279373206,901,501,901,501,901,901,901,901,501,901,501,501,901,501,901,501,_0.5,0.5,1.31E-15,1.431863064,901,901,501,501,901,901,501,501,901,901,901,901,901,901,901,901,501,501,901,901,501,501,501,501,901,901,501,501,901,901,501,501
53,53,claude3,1.295091805,901,501,901,501,901,901,901,901,501,901,501,501,901,501,901,501,_0.5,0.5,1.31E-15,1.431863064,901,901,501,501,901,901,501,501,901,901,901,901,901,901,901,901,501,501,901,901,501,501,501,501,901,901,501,501,901,901,501,501
54,54,claude3,1.85E-15,901,501,901,501,901,901,901,901,501,901,501,501,901,501,901,501,_0.5,0.5,1.31E-15,1.431863064,901,901,501,501,901,901,501,501,901,901,901,901,901,901,901,901,501,501,901,901,501,501,501,501,901,901,501,501,901,901,501,501
55,55,claude3,0.981778643,901,501,901,501,901,901,901,901,501,901,501,501,901,501,901,501,_0.5,0.5,1.31E-15,1.431863064,901,901,501,501,901,901,501,501,901,901,901,901,901,901,901,901,501,501,901,901,501,501,501,501,901,901,501,501,901,901,501,501
56,56,claude3,1.482078583,901,501,901,501,901,901,901,901,501,901,501,501,901,501,901,501,_0.5,0.5,1.31E-15,1.431863064,901,901,501,501,901,901,501,501,901,901,901,901,901,901,901,901,501,501,901,901,501,501,501,501,901,901,501,501,901,901,501,501
57,57,claude3,0.323247841,901,501,901,501,901,901,901,901,501,901,501,501,901,501,901,501,_0.5,0.5,1.31E-15,1.431863064,901,901,501,501,901,901,501,501,901,901,901,901,901,901,901,901,501,501,901,901,501,501,501,501,901,901,501,501,901,901,501,501
58,58,claude3,0.977103548,901,501,901,501,901,901,901,901,501,901,501,501,901,501,901,501,_0.5,0.5,1.31E-15,1.431863064,901,901,501,501,901,901,501,501,901,901,901,901,901,901,901,901,501,501,901,901,501,501,501,501,901,901,501,501,901,901,501,501
59,59,claude3,0.860017771,901,501,901,501,901,901,901,901,501,901,501,501,901,501,901,501,_0.5,0.5,1.31E-15,1.431863064,901,901,501,501,901,901,501,501,901,901,901,901,901,901,901,901,501,501,901,901,501,501,501,501,901,901,501,501,901,901,501,501
60,60,claude3,1.258065263,901,501,901,501,901,901,901,901,501,901,501,501,901,501,901,501,_0.5,0.5,1.31E-15,1.431863064,901,901,501,501,901,901,501,501,901,901,901,901,901,901,901,901,501,501,901,901,501,501,501,501,901,901,501,501,901,901,501,501
61,61,claude3,1.222222352,901,501,901,501,901,901,901,901,501,901,501,501,901,501,901,501,_0.5,0.5,1.31E-15,1.431863064,901,901,501,501,901,901,501,501,901,901,901,901,901,901,901,901,501,501,901,901,501,501,501,501,901,901,501,501,901,901,501,501
62,62,claude3,2.08E-14,901,501,901,501,901,901,901,901,501,901,501,501,901,501,901,501,_0.5,0.5,1.31E-15,1.431863064,901,901,501,501,901,901,501,501,901,901,901,901,901,901,901,901,501,501,901,901,501,501,501,501,901,901,501,501,901,901,501,501
63,63,claude3,0.299734106,901,501,901,501,901,901,901,901,501,901,501,501,901,501,901,501,_0.5,0.5,1.31E-15,1.431863064,901,901,501,501,901,901,501,501,901,901,901,901,901,901,901,901,501,501,901,901,501,501,501,501,901,901,501,501,901,901,501,501
64,64,claude3,0.368234001,901,501,901,501,901,901,901,901,501,901,501,501,901,501,901,501,_0.5,0.5,1.31E-15,1.431863064,901,901,501,501,901,901,501,501,901,901,901,901,901,901,901,901,501,501,901,901,501,501,501,501,901,901,501,501,901,901,501,501
65,65,claude3,0.507095967,901,501,901,501,901,901,901,901,501,901,501,501,901,501,901,501,_0.5,0.5,1.31E-15,1.431863064,901,901,501,501,901,901,501,501,901,901,901,901,901,901,901,901,501,501,901,901,501,501,501,501,901,901,501,501,901,901,501,501
66,66,claude3,0.875598569,901,501,901,501,901,901,901,901,501,901,501,501,901,501,901,501,_0.5,0.5,1.31E-15,1.431863064,901,901,501,501,901,901,501,501,901,901,901,901,901,901,901,901,501,501,901,901,501,501,501,501,901,901,501,501,901,901,501,501
67,67,claude3,0.420289711,901,501,901,501,901,901,901,901,501,901,501,501,901,501,901,501,_0.5,0.5,1.31E-15,1.431863064,901,901,501,501,901,901,501,501,901,901,901,901,901,901,901,901,501,501,901,901,501,501,501,501,901,901,501,501,901,901,501,501
68,68,claude3,4.92E-14,901,501,901,501,901,901,901,901,501,901,501,501,901,501,901,501,_0.5,0.5,1.31E-15,1.431863064,901,901,501,501,901,901,501,501,901,901,901,901,901,901,901,901,501,501,901,901,501,501,501,501,901,901,501,501,901,901,501,501
69,69,claude3,0.826337593,901,501,901,501,901,901,901,901,501,901,501,501,901,501,901,501,_0.5,0.5,1.31E-15,1.431863064,901,901,501,501,901,901,501,501,901,901,901,901,901,901,901,901,501,501,901,901,501,501,501,501,901,901,501,501,901,901,501,501
70,70,claude3,1.261952735,901,501,901,501,901,901,901,901,501,901,501,501,901,501,901,501,_0.5,0.5,1.31E-15,1.431863064,901,901,501,501,901,901,501,501,901,901,901,901,901,901,901,901,501,501,901,901,501,501,501,501,901,901,501,501,901,901,501,501
71,71,claude3,0.262222399,901,501,901,501,901,901,901,901,501,901,501,501,901,501,901,501,_0.5,0.5,1.31E-15,1.431863064,901,901,501,501,901,901,501,501,901,901,901,901,901,901,901,901,501,501,901,901,501,501,501,501,901,901,501,501,901,901,501,501
72,72,claude3,3.52E-16,901,501,901,501,901,901,901,901,501,901,501,501,901,501,901,501,_0.5,0.5,1.31E-15,1.431863064,901,901,501,501,901,901,501,501,901,901,901,901,901,901,901,901,501,501,901,901,501,501,501,501,901,901,501,501,901,901,501,501
73,73,claude3,1.031088444,901,501,901,501,901,901,901,901,501,901,501,501,901,501,901,501,_0.5,0.5,1.31E-15,1.431863064,901,901,501,501,901,901,501,501,901,901,901,901,901,901,901,901,501,501,901,901,501,501,501,501,901,901,501,501,901,901,501,501
74,74,claude3,8.29E-15,901,501,901,501,901,901,901,901,501,901,501,501,901,501,901,501,_0.5,0.5,1.31E-15,1.431863064,901,901,501,501,901,901,501,501,901,901,901,901,901,901,901,901,501,501,901,901,501,501,501,501,901,901,501,501,901,901,501,501
75,75,claude3,0.279373346,901,501,901,501,901,901,901,901,501,901,501,501,901,501,901,501,_0.5,0.5,1.31E-15,1.431863064,901,901,501,501,901,901,501,501,901,901,901,901,901,901,901,901,501,501,901,901,501,501,501,501,901,901,501,501,901,901,501,501
76,76,claude3,1.25806453,901,501,901,501,901,901,901,901,501,901,501,501,901,501,901,501,_0.5,0.5,1.31E-15,1.431863064,901,901,501,501,901,901,501,501,901,901,901,901,901,901,901,901,501,501,901,901,501,501,501,501,901,901,501,501,901,901,501,501
77,77,claude3,0.671556398,901,501,901,501,901,901,901,901,501,901,501,501,901,501,901,501,_0.5,0.5,1.31E-15,1.431863064,901,901,501,501,901,901,501,501,901,901,901,901,901,901,901,901,501,501,901,901,501,501,501,501,901,901,501,501,901,901,501,501
78,78,claude3,2.79E-13,901,501,901,501,901,901,901,901,501,901,501,501,901,501,901,501,_0.5,0.5,1.31E-15,1.431863064,901,901,501,501,901,901,501,501,901,901,901,901,901,901,901,901,501,501,901,901,501,501,501,501,901,901,501,501,901,901,501,501
79,79,claude3,0.77932353,901,501,901,501,901,901,901,901,501,901,501,501,901,501,901,501,_0.5,0.5,1.31E-15,1.431863064,901,901,501,501,901,901,501,501,901,901,901,901,901,901,901,901,501,501,901,901,501,501,501,501,901,901,501,501,901,901,501,501
80,80,claude3,1.054570545,901,501,901,501,901,901,901,901,501,901,501,501,901,501,901,501,_0.5,0.5,1.31E-15,1.431863064,901,901,501,501,901,901,501,501,901,901,901,901,901,901,901,901,501,501,901,901,501,501,501,501,901,901,501,501,901,901,501,501
81,81,claude3,1.908587928,901,501,901,501,901,901,901,901,501,901,501,501,901,501,901,501,_0.5,0.5,1.31E-15,1.431863064,901,901,501,501,901,901,501,501,901,901,901,901,901,901,901,901,501,501,901,901,501,501,501,501,901,901,501,501,901,901,501,501
82,82,claude3,0.200543541,901,501,901,501,901,901,901,901,501,901,501,501,901,501,901,501,_0.5,0.5,1.31E-15,1.431863064,901,901,501,501,901,901,501,501,901,901,901,901,901,901,901,901,501,501,901,901,501,501,501,501,901,901,501,501,901,901,501,501
83,83,claude3,0.546211894,901,501,901,501,901,901,901,901,501,901,501,501,901,501,901,501,_0.5,0.5,1.31E-15,1.431863064,901,901,501,501,901,901,501,501,901,901,901,901,901,901,901,901,501,501,901,901,501,501,501,501,901,901,501,501,901,901,501,501
84,84,claude3,2.56E-14,901,501,901,501,901,901,901,901,501,901,501,501,901,501,901,501,_0.5,0.5,1.31E-15,1.431863064,901,901,501,501,901,901,501,501,901,901,901,901,901,901,901,901,501,501,901,901,501,501,501,501,901,901,501,501,901,901,501,501
85,85,claude3,0.44924157,901,501,901,501,901,901,901,901,501,901,501,501,901,501,901,501,_0.5,0.5,1.31E-15,1.431863064,901,901,501,501,901,901,501,501,901,901,901,901,901,901,901,901,501,501,901,901,501,501,501,501,901,901,501,501,901,901,501,501
86,86,claude3,0.95572497,901,501,901,501,901,901,901,901,501,901,501,501,901,501,901,501,_0.5,0.5,1.31E-15,1.431863064,901,901,501,501,901,901,501,501,901,901,901,901,901,901,901,901,501,501,901,901,501,501,501,501,901,901,501,501,901,901,501,501
87,87,claude3,0.940298698,901,501,901,501,901,901,901,901,501,901,501,501,901,501,901,501,_0.5,0.5,1.31E-15,1.431863064,901,901,501,501,901,901,501,501,901,901,901,901,901,901,901,901,501,501,901,901,501,501,501,501,901,901,501,501,901,901,501,501
88,88,claude3,2.559465546,901,501,901,501,901,901,901,901,501,901,501,501,901,501,901,501,_0.5,0.5,1.31E-15,1.431863064,901,901,501,501,901,901,501,501,901,901,901,901,901,901,901,901,501,501,901,901,501,501,501,501,901,901,501,501,901,901,501,501
89,89,claude3,6.40E-16,901,501,901,501,901,901,901,901,501,901,501,501,901,501,901,501,_0.5,0.5,1.31E-15,1.431863064,901,901,501,501,901,901,501,501,901,901,901,901,901,901,901,901,501,501,901,901,501,501,501,501,901,901,501,501,901,901,501,501
90,90,claude3,0.999634122,901,501,901,501,901,901,901,901,501,901,501,501,901,501,901,501,_0.5,0.5,1.31E-15,1.431863064,901,901,501,501,901,901,501,501,901,901,901,901,901,901,901,901,501,501,901,901,501,501,501,501,901,901,501,501,901,901,501,501
91,91,claude3,1.153846691,901,501,901,501,901,901,901,901,501,901,501,501,901,501,901,501,_0.5,0.5,1.31E-15,1.431863064,901,901,501,501,901,901,501,501,901,901,901,901,901,901,901,901,501,501,901,901,501,501,501,501,901,901,501,501,901,901,501,501
92,92,claude3,0.917808459,901,501,901,501,901,901,901,901,501,901,501,501,901,501,901,501,_0.5,0.5,1.31E-15,1.431863064,901,901,501,501,901,901,501,501,901,901,901,901,901,901,901,901,501,501,901,901,501,501,501,501,901,901,501,501,901,901,501,501
93,93,claude3,0.155555355,901,501,901,501,901,901,901,901,501,901,501,501,901,501,901,501,_0.5,0.5,1.31E-15,1.431863064,901,901,501,501,901,901,501,501,901,901,901,901,901,901,901,901,501,501,901,901,501,501,501,501,901,901,501,501,901,901,501,501
94,94,claude3,1.380951744,901,501,901,501,901,901,901,901,501,901,501,501,901,501,901,501,_0.5,0.5,1.31E-15,1.431863064,901,901,501,501,901,901,501,501,901,901,901,901,901,901,901,901,501,501,901,901,501,501,501,501,901,901,501,501,901,901,501,501
95,95,claude3,3.75E-15,901,501,901,501,901,901,901,901,501,901,501,501,901,501,901,501,_0.5,0.5,1.31E-15,1.431863064,901,901,501,501,901,901,501,501,901,901,901,901,901,901,901,901,501,501,901,901,501,501,501,501,901,901,501,501,901,901,501,501
96,96,claude3,1.416057733,901,501,901,501,901,901,901,901,501,901,501,501,901,501,901,501,_0.5,0.5,1.31E-15,1.431863064,901,901,501,501,901,901,501,501,901,901,901,901,901,901,901,901,501,501,901,901,501,501,501,501,901,901,501,501,901,901,501,501
97,97,claude3,7.30E-15,901,501,901,501,901,901,901,901,501,901,501,501,901,501,901,501,_0.5,0.5,1.31E-15,1.431863064,901,901,501,501,901,901,501,501,901,901,901,901,901,901,901,901,501,501,901,901,501,501,501,501,901,901,501,501,901,901,501,501
98,98,claude3,1.222222415,901,501,901,501,901,901,901,901,501,901,501,501,901,501,901,501,_0.5,0.5,1.31E-15,1.431863064,901,901,501,501,901,901,501,501,901,901,901,901,901,901,901,901,501,501,901,901,501,501,501,501,901,901,501,501,901,901,501,501
99,99,claude3,0.327429489,901,501,901,501,901,901,901,901,501,901,501,501,901,501,901,501,_0.5,0.5,1.31E-15,1.431863064,901,901,501,501,901,901,501,501,901,901,901,901,901,901,901,901,501,501,901,901,501,501,501,501,901,901,501,501,901,901,501,501
100,100,claude3,0.248789105,901,501,901,501,901,901,901,901,501,901,501,501,901,501,901,501,_0.5,0.5,1.31E-15,1.431863064,901,901,501,501,901,901,501,501,901,901,901,901,901,901,901,901,501,501,901,901,501,501,501,501,901,901,501,501,901,901,501,501